time,src_ip,qname,qtype,is_response,answers
2025-11-11T01:11:57.515194Z,192.168.200.129,1.ntp.ubuntu.com,1,0,
2025-11-11T01:11:57.515474Z,192.168.200.129,1.ntp.ubuntu.com,28,0,
2025-11-11T01:11:57.516179Z,192.168.200.129,1.ntp.ubuntu.com,1,0,
2025-11-11T01:11:57.516206Z,192.168.200.129,1.ntp.ubuntu.com,28,0,
2025-11-11T01:11:57.527096Z,192.168.200.131,1.ntp.ubuntu.com,1,1,
2025-11-11T01:11:57.527168Z,192.168.200.131,1.ntp.ubuntu.com,1,1,
2025-11-11T01:11:57.527340Z,192.168.200.131,1.ntp.ubuntu.com,28,1,
2025-11-11T01:11:57.527353Z,192.168.200.131,1.ntp.ubuntu.com,28,1,
2025-11-11T01:11:57.532721Z,192.168.200.129,1.ntp.ubuntu.com,28,0,
2025-11-11T01:11:57.532722Z,192.168.200.129,1.ntp.ubuntu.com,1,0,
2025-11-11T01:11:57.532741Z,192.168.200.129,1.ntp.ubuntu.com,28,0,
2025-11-11T01:11:57.532768Z,192.168.200.129,1.ntp.ubuntu.com,1,0,
2025-11-11T01:11:57.533688Z,192.168.200.131,1.ntp.ubuntu.com,28,1,
2025-11-11T01:11:57.533706Z,192.168.200.131,1.ntp.ubuntu.com,28,1,
2025-11-11T01:11:57.533788Z,192.168.200.131,1.ntp.ubuntu.com,1,1,
2025-11-11T01:11:57.533791Z,192.168.200.131,1.ntp.ubuntu.com,1,1,
2025-11-11T01:11:57.535332Z,192.168.200.129,1.ntp.ubuntu.com,1,0,
2025-11-11T01:11:57.535343Z,192.168.200.129,1.ntp.ubuntu.com,1,0,
2025-11-11T01:11:57.535643Z,192.168.200.129,1.ntp.ubuntu.com,28,0,
2025-11-11T01:11:57.535667Z,192.168.200.129,1.ntp.ubuntu.com,28,0,
2025-11-11T01:11:57.535902Z,192.168.200.131,1.ntp.ubuntu.com,1,1,
2025-11-11T01:11:57.535906Z,192.168.200.131,1.ntp.ubuntu.com,1,1,
2025-11-11T01:11:57.536362Z,192.168.200.131,1.ntp.ubuntu.com,28,1,
2025-11-11T01:11:57.536367Z,192.168.200.131,1.ntp.ubuntu.com,28,1,
2025-11-11T01:11:57.539122Z,192.168.200.129,1.ntp.ubuntu.com,28,0,
2025-11-11T01:11:57.539122Z,192.168.200.129,1.ntp.ubuntu.com,1,0,
2025-11-11T01:11:57.539132Z,192.168.200.129,1.ntp.ubuntu.com,28,0,
2025-11-11T01:11:57.539154Z,192.168.200.129,1.ntp.ubuntu.com,1,0,
2025-11-11T01:11:57.539509Z,192.168.200.131,1.ntp.ubuntu.com,28,1,
2025-11-11T01:11:57.539521Z,192.168.200.131,1.ntp.ubuntu.com,28,1,
2025-11-11T01:11:57.539617Z,192.168.200.131,1.ntp.ubuntu.com,1,1,
2025-11-11T01:11:57.539618Z,192.168.200.131,1.ntp.ubuntu.com,1,1,
2025-11-11T01:11:57.539969Z,192.168.200.129,1.ntp.ubuntu.com.localdomain,1,0,
2025-11-11T01:11:57.539971Z,192.168.200.129,1.ntp.ubuntu.com.localdomain,1,0,
2025-11-11T01:11:57.540124Z,192.168.200.129,1.ntp.ubuntu.com.localdomain,28,0,
2025-11-11T01:11:57.540128Z,192.168.200.129,1.ntp.ubuntu.com.localdomain,28,0,
2025-11-11T01:11:57.542462Z,192.168.200.131,1.ntp.ubuntu.com.localdomain,1,1,
2025-11-11T01:11:57.542467Z,192.168.200.131,1.ntp.ubuntu.com.localdomain,1,1,
2025-11-11T01:11:57.543306Z,192.168.200.131,1.ntp.ubuntu.com.localdomain,28,1,
2025-11-11T01:11:57.543316Z,192.168.200.131,1.ntp.ubuntu.com.localdomain,28,1,
2025-11-11T01:11:57.543508Z,192.168.200.129,1.ntp.ubuntu.com.localdomain,1,0,
2025-11-11T01:11:57.543511Z,192.168.200.129,1.ntp.ubuntu.com.localdomain,1,0,
2025-11-11T01:11:57.543820Z,192.168.200.131,1.ntp.ubuntu.com.localdomain,1,1,
2025-11-11T01:11:57.543821Z,192.168.200.131,1.ntp.ubuntu.com.localdomain,1,1,
2025-11-11T01:11:57.544318Z,192.168.200.129,1.ntp.ubuntu.com.localdomain,28,0,
2025-11-11T01:11:57.544321Z,192.168.200.129,1.ntp.ubuntu.com.localdomain,28,0,
2025-11-11T01:11:57.544548Z,192.168.200.131,1.ntp.ubuntu.com.localdomain,28,1,
2025-11-11T01:11:57.544551Z,192.168.200.131,1.ntp.ubuntu.com.localdomain,28,1,
2025-11-11T01:11:57.545204Z,192.168.200.129,1.ntp.ubuntu.com.localdomain,1,0,
2025-11-11T01:11:57.545205Z,192.168.200.129,1.ntp.ubuntu.com.localdomain,28,0,
2025-11-11T01:11:57.545207Z,192.168.200.129,1.ntp.ubuntu.com.localdomain,1,0,
2025-11-11T01:11:57.545221Z,192.168.200.129,1.ntp.ubuntu.com.localdomain,28,0,
2025-11-11T01:11:57.545492Z,192.168.200.131,1.ntp.ubuntu.com.localdomain,1,1,
2025-11-11T01:11:57.545500Z,192.168.200.131,1.ntp.ubuntu.com.localdomain,1,1,
2025-11-11T01:11:57.545680Z,192.168.200.131,1.ntp.ubuntu.com.localdomain,28,1,
2025-11-11T01:11:57.545683Z,192.168.200.131,1.ntp.ubuntu.com.localdomain,28,1,
2025-11-11T01:11:57.546070Z,192.168.200.129,1.ntp.ubuntu.com.localdomain,28,0,
2025-11-11T01:11:57.546071Z,192.168.200.129,1.ntp.ubuntu.com.localdomain,28,0,
2025-11-11T01:11:57.546148Z,192.168.200.129,1.ntp.ubuntu.com.localdomain,1,0,
2025-11-11T01:11:57.546149Z,192.168.200.129,1.ntp.ubuntu.com.localdomain,1,0,
2025-11-11T01:11:57.546333Z,192.168.200.131,1.ntp.ubuntu.com.localdomain,1,1,
2025-11-11T01:11:57.546335Z,192.168.200.131,1.ntp.ubuntu.com.localdomain,1,1,
2025-11-11T01:11:57.546428Z,192.168.200.129,www.dat505.alberti,1,0,
2025-11-11T01:11:57.546430Z,192.168.200.129,www.dat505.alberti,1,0,
2025-11-11T01:11:57.546456Z,192.168.200.131,1.ntp.ubuntu.com.localdomain,28,1,
2025-11-11T01:11:57.546457Z,192.168.200.131,1.ntp.ubuntu.com.localdomain,28,1,
2025-11-11T01:11:57.546562Z,192.168.200.129,www.dat505.alberti,28,0,
2025-11-11T01:11:57.546564Z,192.168.200.129,www.dat505.alberti,28,0,
2025-11-11T01:11:57.546794Z,192.168.200.131,www.dat505.alberti,1,1,192.168.200.131
2025-11-11T01:11:57.546795Z,192.168.200.131,www.dat505.alberti,1,1,192.168.200.131
2025-11-11T01:11:57.546816Z,192.168.200.131,www.dat505.alberti,28,1,
2025-11-11T01:11:57.546816Z,192.168.200.131,www.dat505.alberti,28,1,
2025-11-11T01:11:57.547460Z,192.168.200.129,2.ntp.ubuntu.com,1,0,
2025-11-11T01:11:57.547463Z,192.168.200.129,2.ntp.ubuntu.com,1,0,
2025-11-11T01:11:57.547483Z,192.168.200.129,2.ntp.ubuntu.com,28,0,
2025-11-11T01:11:57.547484Z,192.168.200.129,2.ntp.ubuntu.com,28,0,
2025-11-11T01:11:57.549410Z,192.168.200.131,2.ntp.ubuntu.com,1,1,
2025-11-11T01:11:57.549412Z,192.168.200.131,2.ntp.ubuntu.com,1,1,
2025-11-11T01:11:57.550080Z,192.168.200.129,2.ntp.ubuntu.com,1,0,
2025-11-11T01:11:57.550081Z,192.168.200.129,2.ntp.ubuntu.com,1,0,
2025-11-11T01:11:57.550448Z,192.168.200.131,2.ntp.ubuntu.com,1,1,
2025-11-11T01:11:57.550450Z,192.168.200.131,2.ntp.ubuntu.com,1,1,
2025-11-11T01:11:57.550888Z,192.168.200.131,2.ntp.ubuntu.com,28,1,
2025-11-11T01:11:57.550889Z,192.168.200.131,2.ntp.ubuntu.com,28,1,
2025-11-11T01:11:57.551973Z,192.168.200.129,2.ntp.ubuntu.com,28,0,
2025-11-11T01:11:57.551975Z,192.168.200.129,2.ntp.ubuntu.com,28,0,
2025-11-11T01:11:57.552523Z,192.168.200.131,2.ntp.ubuntu.com,28,1,
2025-11-11T01:11:57.552526Z,192.168.200.131,2.ntp.ubuntu.com,28,1,
2025-11-11T01:11:57.553344Z,192.168.200.129,2.ntp.ubuntu.com,1,0,
2025-11-11T01:11:57.553350Z,192.168.200.129,2.ntp.ubuntu.com,1,0,
2025-11-11T01:11:57.553431Z,192.168.200.129,2.ntp.ubuntu.com,28,0,
2025-11-11T01:11:57.553436Z,192.168.200.129,2.ntp.ubuntu.com,28,0,
2025-11-11T01:11:57.553859Z,192.168.200.131,2.ntp.ubuntu.com,28,1,
2025-11-11T01:11:57.553861Z,192.168.200.131,2.ntp.ubuntu.com,28,1,
2025-11-11T01:11:57.553887Z,192.168.200.131,2.ntp.ubuntu.com,1,1,
2025-11-11T01:11:57.553888Z,192.168.200.131,2.ntp.ubuntu.com,1,1,
2025-11-11T01:11:57.554836Z,192.168.200.129,2.ntp.ubuntu.com,1,0,
2025-11-11T01:11:57.554837Z,192.168.200.129,2.ntp.ubuntu.com,28,0,
2025-11-11T01:11:57.554839Z,192.168.200.129,2.ntp.ubuntu.com,1,0,
2025-11-11T01:11:57.554851Z,192.168.200.129,2.ntp.ubuntu.com,28,0,
2025-11-11T01:11:57.555120Z,192.168.200.131,2.ntp.ubuntu.com,1,1,
2025-11-11T01:11:57.555120Z,192.168.200.131,2.ntp.ubuntu.com,28,1,
2025-11-11T01:11:57.555123Z,192.168.200.131,2.ntp.ubuntu.com,1,1,
2025-11-11T01:11:57.555136Z,192.168.200.131,2.ntp.ubuntu.com,28,1,
2025-11-11T01:11:57.555464Z,192.168.200.129,2.ntp.ubuntu.com.localdomain,1,0,
2025-11-11T01:11:57.555465Z,192.168.200.129,2.ntp.ubuntu.com.localdomain,1,0,
2025-11-11T01:11:57.555548Z,192.168.200.129,2.ntp.ubuntu.com.localdomain,28,0,
2025-11-11T01:11:57.555549Z,192.168.200.129,2.ntp.ubuntu.com.localdomain,28,0,
2025-11-11T01:11:57.556835Z,192.168.200.131,2.ntp.ubuntu.com.localdomain,1,1,
2025-11-11T01:11:57.556838Z,192.168.200.131,2.ntp.ubuntu.com.localdomain,1,1,
2025-11-11T01:11:57.557523Z,192.168.200.131,2.ntp.ubuntu.com.localdomain,28,1,
2025-11-11T01:11:57.557525Z,192.168.200.131,2.ntp.ubuntu.com.localdomain,28,1,
2025-11-11T01:11:57.558076Z,192.168.200.129,2.ntp.ubuntu.com.localdomain,28,0,
2025-11-11T01:11:57.558078Z,192.168.200.129,2.ntp.ubuntu.com.localdomain,28,0,
2025-11-11T01:11:57.558132Z,192.168.200.129,2.ntp.ubuntu.com.localdomain,1,0,
2025-11-11T01:11:57.558134Z,192.168.200.129,2.ntp.ubuntu.com.localdomain,1,0,
2025-11-11T01:11:57.558289Z,192.168.200.131,2.ntp.ubuntu.com.localdomain,28,1,
2025-11-11T01:11:57.558290Z,192.168.200.131,2.ntp.ubuntu.com.localdomain,28,1,
2025-11-11T01:11:57.558556Z,192.168.200.131,2.ntp.ubuntu.com.localdomain,1,1,
2025-11-11T01:11:57.558557Z,192.168.200.131,2.ntp.ubuntu.com.localdomain,1,1,
2025-11-11T01:11:57.558891Z,192.168.200.129,2.ntp.ubuntu.com.localdomain,1,0,
2025-11-11T01:11:57.558923Z,192.168.200.129,2.ntp.ubuntu.com.localdomain,1,0,
2025-11-11T01:11:57.558938Z,192.168.200.129,2.ntp.ubuntu.com.localdomain,28,0,
2025-11-11T01:11:57.558939Z,192.168.200.129,2.ntp.ubuntu.com.localdomain,28,0,
2025-11-11T01:11:57.559215Z,192.168.200.131,2.ntp.ubuntu.com.localdomain,1,1,
2025-11-11T01:11:57.559216Z,192.168.200.131,2.ntp.ubuntu.com.localdomain,1,1,
2025-11-11T01:11:57.559678Z,192.168.200.131,2.ntp.ubuntu.com.localdomain,28,1,
2025-11-11T01:11:57.559688Z,192.168.200.131,2.ntp.ubuntu.com.localdomain,28,1,
2025-11-11T01:11:57.559922Z,192.168.200.129,2.ntp.ubuntu.com.localdomain,28,0,
2025-11-11T01:11:57.559924Z,192.168.200.129,2.ntp.ubuntu.com.localdomain,28,0,
2025-11-11T01:11:57.560047Z,192.168.200.129,2.ntp.ubuntu.com.localdomain,1,0,
2025-11-11T01:11:57.560049Z,192.168.200.129,2.ntp.ubuntu.com.localdomain,1,0,
2025-11-11T01:11:57.560176Z,192.168.200.131,2.ntp.ubuntu.com.localdomain,28,1,
2025-11-11T01:11:57.560178Z,192.168.200.131,2.ntp.ubuntu.com.localdomain,28,1,
2025-11-11T01:11:57.560247Z,192.168.200.131,2.ntp.ubuntu.com.localdomain,1,1,
2025-11-11T01:11:57.560249Z,192.168.200.131,2.ntp.ubuntu.com.localdomain,1,1,
2025-11-11T01:11:57.560772Z,192.168.200.129,3.ntp.ubuntu.com,1,0,
2025-11-11T01:11:57.560774Z,192.168.200.129,3.ntp.ubuntu.com,1,0,
2025-11-11T01:11:57.560924Z,192.168.200.129,3.ntp.ubuntu.com,28,0,
2025-11-11T01:11:57.560926Z,192.168.200.129,3.ntp.ubuntu.com,28,0,
2025-11-11T01:11:57.562636Z,192.168.200.131,3.ntp.ubuntu.com,1,1,
2025-11-11T01:11:57.562638Z,192.168.200.131,3.ntp.ubuntu.com,1,1,
2025-11-11T01:11:57.562685Z,192.168.200.131,3.ntp.ubuntu.com,28,1,
2025-11-11T01:11:57.562686Z,192.168.200.131,3.ntp.ubuntu.com,28,1,
2025-11-11T01:11:57.563597Z,192.168.200.129,3.ntp.ubuntu.com,28,0,
2025-11-11T01:11:57.563599Z,192.168.200.129,3.ntp.ubuntu.com,28,0,
2025-11-11T01:11:57.563617Z,192.168.200.129,3.ntp.ubuntu.com,1,0,
2025-11-11T01:11:57.563618Z,192.168.200.129,3.ntp.ubuntu.com,1,0,
2025-11-11T01:11:57.563860Z,192.168.200.131,3.ntp.ubuntu.com,28,1,
2025-11-11T01:11:57.563861Z,192.168.200.131,3.ntp.ubuntu.com,28,1,
2025-11-11T01:11:57.564004Z,192.168.200.131,3.ntp.ubuntu.com,1,1,
2025-11-11T01:11:57.564005Z,192.168.200.131,3.ntp.ubuntu.com,1,1,
2025-11-11T01:11:57.564286Z,192.168.200.129,3.ntp.ubuntu.com,1,0,
2025-11-11T01:11:57.564287Z,192.168.200.129,3.ntp.ubuntu.com,1,0,
2025-11-11T01:11:57.564400Z,192.168.200.129,3.ntp.ubuntu.com,28,0,
2025-11-11T01:11:57.564402Z,192.168.200.129,3.ntp.ubuntu.com,28,0,
2025-11-11T01:11:57.564500Z,192.168.200.131,3.ntp.ubuntu.com,1,1,
2025-11-11T01:11:57.564501Z,192.168.200.131,3.ntp.ubuntu.com,1,1,
2025-11-11T01:11:57.564594Z,192.168.200.131,3.ntp.ubuntu.com,28,1,
2025-11-11T01:11:57.564595Z,192.168.200.131,3.ntp.ubuntu.com,28,1,
2025-11-11T01:11:57.565187Z,192.168.200.129,3.ntp.ubuntu.com,28,0,
2025-11-11T01:11:57.565188Z,192.168.200.129,3.ntp.ubuntu.com,28,0,
2025-11-11T01:11:57.565204Z,192.168.200.129,3.ntp.ubuntu.com,1,0,
2025-11-11T01:11:57.565204Z,192.168.200.129,3.ntp.ubuntu.com,1,0,
2025-11-11T01:11:57.565390Z,192.168.200.131,3.ntp.ubuntu.com,28,1,
2025-11-11T01:11:57.565390Z,192.168.200.131,3.ntp.ubuntu.com,1,1,
2025-11-11T01:11:57.565391Z,192.168.200.131,3.ntp.ubuntu.com,28,1,
2025-11-11T01:11:57.565401Z,192.168.200.131,3.ntp.ubuntu.com,1,1,
2025-11-11T01:11:57.565645Z,192.168.200.129,3.ntp.ubuntu.com.localdomain,1,0,
2025-11-11T01:11:57.565646Z,192.168.200.129,3.ntp.ubuntu.com.localdomain,1,0,
2025-11-11T01:11:57.565717Z,192.168.200.129,3.ntp.ubuntu.com.localdomain,28,0,
2025-11-11T01:11:57.565719Z,192.168.200.129,3.ntp.ubuntu.com.localdomain,28,0,
2025-11-11T01:11:57.567296Z,192.168.200.131,3.ntp.ubuntu.com.localdomain,1,1,
2025-11-11T01:11:57.567306Z,192.168.200.131,3.ntp.ubuntu.com.localdomain,1,1,
2025-11-11T01:11:57.567432Z,192.168.200.131,3.ntp.ubuntu.com.localdomain,28,1,
2025-11-11T01:11:57.567436Z,192.168.200.131,3.ntp.ubuntu.com.localdomain,28,1,
2025-11-11T01:11:57.568331Z,192.168.200.129,3.ntp.ubuntu.com.localdomain,28,0,
2025-11-11T01:11:57.568331Z,192.168.200.129,3.ntp.ubuntu.com.localdomain,1,0,
2025-11-11T01:11:57.568334Z,192.168.200.129,3.ntp.ubuntu.com.localdomain,28,0,
2025-11-11T01:11:57.568344Z,192.168.200.129,3.ntp.ubuntu.com.localdomain,1,0,
2025-11-11T01:11:57.568506Z,192.168.200.131,3.ntp.ubuntu.com.localdomain,28,1,
2025-11-11T01:11:57.568508Z,192.168.200.131,3.ntp.ubuntu.com.localdomain,28,1,
2025-11-11T01:11:57.568614Z,192.168.200.131,3.ntp.ubuntu.com.localdomain,1,1,
2025-11-11T01:11:57.568618Z,192.168.200.131,3.ntp.ubuntu.com.localdomain,1,1,
2025-11-11T01:11:57.569029Z,192.168.200.129,3.ntp.ubuntu.com.localdomain,1,0,
2025-11-11T01:11:57.569033Z,192.168.200.129,3.ntp.ubuntu.com.localdomain,1,0,
2025-11-11T01:11:57.569146Z,192.168.200.129,3.ntp.ubuntu.com.localdomain,28,0,
2025-11-11T01:11:57.569148Z,192.168.200.129,3.ntp.ubuntu.com.localdomain,28,0,
2025-11-11T01:11:57.569254Z,192.168.200.131,3.ntp.ubuntu.com.localdomain,1,1,
2025-11-11T01:11:57.569255Z,192.168.200.131,3.ntp.ubuntu.com.localdomain,1,1,
2025-11-11T01:11:57.569349Z,192.168.200.131,3.ntp.ubuntu.com.localdomain,28,1,
2025-11-11T01:11:57.569351Z,192.168.200.131,3.ntp.ubuntu.com.localdomain,28,1,
2025-11-11T01:11:57.569920Z,192.168.200.129,3.ntp.ubuntu.com.localdomain,28,0,
2025-11-11T01:11:57.569922Z,192.168.200.129,3.ntp.ubuntu.com.localdomain,28,0,
2025-11-11T01:11:57.570009Z,192.168.200.129,3.ntp.ubuntu.com.localdomain,1,0,
2025-11-11T01:11:57.570011Z,192.168.200.129,3.ntp.ubuntu.com.localdomain,1,0,
2025-11-11T01:11:57.570112Z,192.168.200.131,3.ntp.ubuntu.com.localdomain,28,1,
2025-11-11T01:11:57.570115Z,192.168.200.131,3.ntp.ubuntu.com.localdomain,28,1,
2025-11-11T01:11:57.570207Z,192.168.200.131,3.ntp.ubuntu.com.localdomain,1,1,
2025-11-11T01:11:57.570208Z,192.168.200.131,3.ntp.ubuntu.com.localdomain,1,1,
2025-11-11T01:11:57.570645Z,192.168.200.129,4.ntp.ubuntu.com,1,0,
2025-11-11T01:11:57.570646Z,192.168.200.129,4.ntp.ubuntu.com,1,0,
2025-11-11T01:11:57.570710Z,192.168.200.129,4.ntp.ubuntu.com,28,0,
2025-11-11T01:11:57.570711Z,192.168.200.129,4.ntp.ubuntu.com,28,0,
2025-11-11T01:11:57.572194Z,192.168.200.131,4.ntp.ubuntu.com,1,1,
2025-11-11T01:11:57.572221Z,192.168.200.131,4.ntp.ubuntu.com,1,1,
2025-11-11T01:11:57.572298Z,192.168.200.131,4.ntp.ubuntu.com,28,1,
2025-11-11T01:11:57.572299Z,192.168.200.131,4.ntp.ubuntu.com,28,1,
2025-11-11T01:11:57.573629Z,192.168.200.129,4.ntp.ubuntu.com,28,0,
2025-11-11T01:11:57.573631Z,192.168.200.129,4.ntp.ubuntu.com,28,0,
2025-11-11T01:11:57.573658Z,192.168.200.129,4.ntp.ubuntu.com,1,0,
2025-11-11T01:11:57.573660Z,192.168.200.129,4.ntp.ubuntu.com,1,0,
2025-11-11T01:11:57.573834Z,192.168.200.131,4.ntp.ubuntu.com,28,1,
2025-11-11T01:11:57.573834Z,192.168.200.131,4.ntp.ubuntu.com,1,1,
2025-11-11T01:11:57.573841Z,192.168.200.131,4.ntp.ubuntu.com,28,1,
2025-11-11T01:11:57.573854Z,192.168.200.131,4.ntp.ubuntu.com,1,1,
2025-11-11T01:11:57.574478Z,192.168.200.129,4.ntp.ubuntu.com,1,0,
2025-11-11T01:11:57.574480Z,192.168.200.129,4.ntp.ubuntu.com,1,0,
2025-11-11T01:11:57.574587Z,192.168.200.129,4.ntp.ubuntu.com,28,0,
2025-11-11T01:11:57.574589Z,192.168.200.129,4.ntp.ubuntu.com,28,0,
2025-11-11T01:11:57.574717Z,192.168.200.131,4.ntp.ubuntu.com,1,1,
2025-11-11T01:11:57.574718Z,192.168.200.131,4.ntp.ubuntu.com,1,1,
2025-11-11T01:11:57.574802Z,192.168.200.131,4.ntp.ubuntu.com,28,1,
2025-11-11T01:11:57.574803Z,192.168.200.131,4.ntp.ubuntu.com,28,1,
2025-11-11T01:11:57.575297Z,192.168.200.129,4.ntp.ubuntu.com,28,0,
2025-11-11T01:11:57.575299Z,192.168.200.129,4.ntp.ubuntu.com,28,0,
2025-11-11T01:11:57.575385Z,192.168.200.129,4.ntp.ubuntu.com,1,0,
2025-11-11T01:11:57.575392Z,192.168.200.129,4.ntp.ubuntu.com,1,0,
2025-11-11T01:11:57.575488Z,192.168.200.131,4.ntp.ubuntu.com,28,1,
2025-11-11T01:11:57.575488Z,192.168.200.131,4.ntp.ubuntu.com,28,1,
2025-11-11T01:11:57.575589Z,192.168.200.131,4.ntp.ubuntu.com,1,1,
2025-11-11T01:11:57.575590Z,192.168.200.131,4.ntp.ubuntu.com,1,1,
2025-11-11T01:11:57.575911Z,192.168.200.129,4.ntp.ubuntu.com.localdomain,1,0,
2025-11-11T01:11:57.575913Z,192.168.200.129,4.ntp.ubuntu.com.localdomain,1,0,
2025-11-11T01:11:57.575983Z,192.168.200.129,4.ntp.ubuntu.com.localdomain,28,0,
2025-11-11T01:11:57.575984Z,192.168.200.129,4.ntp.ubuntu.com.localdomain,28,0,
2025-11-11T01:11:57.577524Z,192.168.200.131,4.ntp.ubuntu.com.localdomain,1,1,
2025-11-11T01:11:57.577525Z,192.168.200.131,4.ntp.ubuntu.com.localdomain,1,1,
2025-11-11T01:11:57.577589Z,192.168.200.131,4.ntp.ubuntu.com.localdomain,28,1,
2025-11-11T01:11:57.577590Z,192.168.200.131,4.ntp.ubuntu.com.localdomain,28,1,
2025-11-11T01:11:57.580096Z,192.168.200.129,4.ntp.ubuntu.com.localdomain,28,0,
2025-11-11T01:11:57.580096Z,192.168.200.129,4.ntp.ubuntu.com.localdomain,1,0,
2025-11-11T01:11:57.580104Z,192.168.200.129,4.ntp.ubuntu.com.localdomain,28,0,
2025-11-11T01:11:57.580108Z,192.168.200.129,4.ntp.ubuntu.com.localdomain,1,0,
2025-11-11T01:11:57.580358Z,192.168.200.131,4.ntp.ubuntu.com.localdomain,28,1,
2025-11-11T01:11:57.580360Z,192.168.200.131,4.ntp.ubuntu.com.localdomain,28,1,
2025-11-11T01:11:57.580389Z,192.168.200.131,4.ntp.ubuntu.com.localdomain,1,1,
2025-11-11T01:11:57.580391Z,192.168.200.131,4.ntp.ubuntu.com.localdomain,1,1,
2025-11-11T01:11:57.580712Z,192.168.200.129,4.ntp.ubuntu.com.localdomain,1,0,
2025-11-11T01:11:57.580712Z,192.168.200.129,4.ntp.ubuntu.com.localdomain,28,0,
2025-11-11T01:11:57.580713Z,192.168.200.129,4.ntp.ubuntu.com.localdomain,1,0,
2025-11-11T01:11:57.580715Z,192.168.200.129,4.ntp.ubuntu.com.localdomain,28,0,
2025-11-11T01:11:57.580909Z,192.168.200.131,4.ntp.ubuntu.com.localdomain,28,1,
2025-11-11T01:11:57.580914Z,192.168.200.131,4.ntp.ubuntu.com.localdomain,28,1,
2025-11-11T01:11:57.580986Z,192.168.200.131,4.ntp.ubuntu.com.localdomain,1,1,
2025-11-11T01:11:57.580987Z,192.168.200.131,4.ntp.ubuntu.com.localdomain,1,1,
2025-11-11T01:11:57.583264Z,192.168.200.129,4.ntp.ubuntu.com.localdomain,1,0,
2025-11-11T01:11:57.583264Z,192.168.200.129,4.ntp.ubuntu.com.localdomain,28,0,
2025-11-11T01:11:57.583270Z,192.168.200.129,4.ntp.ubuntu.com.localdomain,1,0,
2025-11-11T01:11:57.583272Z,192.168.200.129,4.ntp.ubuntu.com.localdomain,28,0,
2025-11-11T01:11:57.583495Z,192.168.200.131,4.ntp.ubuntu.com.localdomain,1,1,
2025-11-11T01:11:57.583495Z,192.168.200.131,4.ntp.ubuntu.com.localdomain,28,1,
2025-11-11T01:11:57.583496Z,192.168.200.131,4.ntp.ubuntu.com.localdomain,1,1,
2025-11-11T01:11:57.583498Z,192.168.200.131,4.ntp.ubuntu.com.localdomain,28,1,
2025-11-11T01:11:57.584162Z,192.168.200.129,ntp-bootstrap.ubuntu.com,1,0,
2025-11-11T01:11:57.584162Z,192.168.200.129,ntp-bootstrap.ubuntu.com,28,0,
2025-11-11T01:11:57.584164Z,192.168.200.129,ntp-bootstrap.ubuntu.com,1,0,
2025-11-11T01:11:57.584166Z,192.168.200.129,ntp-bootstrap.ubuntu.com,28,0,
2025-11-11T01:11:57.585208Z,192.168.200.131,ntp-bootstrap.ubuntu.com,28,1,
2025-11-11T01:11:57.585210Z,192.168.200.131,ntp-bootstrap.ubuntu.com,28,1,
2025-11-11T01:11:57.586230Z,192.168.200.131,ntp-bootstrap.ubuntu.com,1,1,
2025-11-11T01:11:57.586236Z,192.168.200.131,ntp-bootstrap.ubuntu.com,1,1,
2025-11-11T01:11:57.588764Z,192.168.200.129,ntp-bootstrap.ubuntu.com,1,0,
2025-11-11T01:11:57.588764Z,192.168.200.129,ntp-bootstrap.ubuntu.com,28,0,
2025-11-11T01:11:57.588768Z,192.168.200.129,ntp-bootstrap.ubuntu.com,1,0,
2025-11-11T01:11:57.588771Z,192.168.200.129,ntp-bootstrap.ubuntu.com,28,0,
2025-11-11T01:11:57.589075Z,192.168.200.131,ntp-bootstrap.ubuntu.com,1,1,
2025-11-11T01:11:57.589075Z,192.168.200.131,ntp-bootstrap.ubuntu.com,28,1,
2025-11-11T01:11:57.589083Z,192.168.200.131,ntp-bootstrap.ubuntu.com,1,1,
2025-11-11T01:11:57.589086Z,192.168.200.131,ntp-bootstrap.ubuntu.com,28,1,
2025-11-11T01:11:57.589472Z,192.168.200.129,ntp-bootstrap.ubuntu.com,1,0,
2025-11-11T01:11:57.589472Z,192.168.200.129,ntp-bootstrap.ubuntu.com,28,0,
2025-11-11T01:11:57.589474Z,192.168.200.129,ntp-bootstrap.ubuntu.com,1,0,
2025-11-11T01:11:57.589480Z,192.168.200.129,ntp-bootstrap.ubuntu.com,28,0,
2025-11-11T01:11:57.589647Z,192.168.200.131,ntp-bootstrap.ubuntu.com,1,1,
2025-11-11T01:11:57.589649Z,192.168.200.131,ntp-bootstrap.ubuntu.com,1,1,
2025-11-11T01:11:57.589735Z,192.168.200.131,ntp-bootstrap.ubuntu.com,28,1,
2025-11-11T01:11:57.589738Z,192.168.200.131,ntp-bootstrap.ubuntu.com,28,1,
2025-11-11T01:11:57.591639Z,192.168.200.129,ntp-bootstrap.ubuntu.com,28,0,
2025-11-11T01:11:57.591639Z,192.168.200.129,ntp-bootstrap.ubuntu.com,1,0,
2025-11-11T01:11:57.591643Z,192.168.200.129,ntp-bootstrap.ubuntu.com,28,0,
2025-11-11T01:11:57.591646Z,192.168.200.129,ntp-bootstrap.ubuntu.com,1,0,
2025-11-11T01:11:57.591995Z,192.168.200.131,ntp-bootstrap.ubuntu.com,28,1,
2025-11-11T01:11:57.591995Z,192.168.200.131,ntp-bootstrap.ubuntu.com,1,1,
2025-11-11T01:11:57.591996Z,192.168.200.131,ntp-bootstrap.ubuntu.com,28,1,
2025-11-11T01:11:57.591998Z,192.168.200.131,ntp-bootstrap.ubuntu.com,1,1,
2025-11-11T01:11:57.592560Z,192.168.200.129,ntp-bootstrap.ubuntu.com.localdomain,1,0,
2025-11-11T01:11:57.592560Z,192.168.200.129,ntp-bootstrap.ubuntu.com.localdomain,28,0,
2025-11-11T01:11:57.592568Z,192.168.200.129,ntp-bootstrap.ubuntu.com.localdomain,1,0,
2025-11-11T01:11:57.592571Z,192.168.200.129,ntp-bootstrap.ubuntu.com.localdomain,28,0,
2025-11-11T01:11:57.594207Z,192.168.200.131,ntp-bootstrap.ubuntu.com.localdomain,1,1,
2025-11-11T01:11:57.594207Z,192.168.200.131,ntp-bootstrap.ubuntu.com.localdomain,28,1,
2025-11-11T01:11:57.594214Z,192.168.200.131,ntp-bootstrap.ubuntu.com.localdomain,1,1,
2025-11-11T01:11:57.594219Z,192.168.200.131,ntp-bootstrap.ubuntu.com.localdomain,28,1,
2025-11-11T01:11:57.597331Z,192.168.200.129,ntp-bootstrap.ubuntu.com.localdomain,28,0,
2025-11-11T01:11:57.597331Z,192.168.200.129,ntp-bootstrap.ubuntu.com.localdomain,1,0,
2025-11-11T01:11:57.597337Z,192.168.200.129,ntp-bootstrap.ubuntu.com.localdomain,28,0,
2025-11-11T01:11:57.597341Z,192.168.200.129,ntp-bootstrap.ubuntu.com.localdomain,1,0,
2025-11-11T01:11:57.597602Z,192.168.200.131,ntp-bootstrap.ubuntu.com.localdomain,1,1,
2025-11-11T01:11:57.597602Z,192.168.200.131,ntp-bootstrap.ubuntu.com.localdomain,28,1,
2025-11-11T01:11:57.597604Z,192.168.200.131,ntp-bootstrap.ubuntu.com.localdomain,1,1,
2025-11-11T01:11:57.597606Z,192.168.200.131,ntp-bootstrap.ubuntu.com.localdomain,28,1,
2025-11-11T01:11:57.598072Z,192.168.200.129,ntp-bootstrap.ubuntu.com.localdomain,1,0,
2025-11-11T01:11:57.598072Z,192.168.200.129,ntp-bootstrap.ubuntu.com.localdomain,28,0,
2025-11-11T01:11:57.598080Z,192.168.200.129,ntp-bootstrap.ubuntu.com.localdomain,1,0,
2025-11-11T01:11:57.598084Z,192.168.200.129,ntp-bootstrap.ubuntu.com.localdomain,28,0,
2025-11-11T01:11:57.598246Z,192.168.200.131,ntp-bootstrap.ubuntu.com.localdomain,1,1,
2025-11-11T01:11:57.598247Z,192.168.200.131,ntp-bootstrap.ubuntu.com.localdomain,1,1,
2025-11-11T01:11:57.598292Z,192.168.200.131,ntp-bootstrap.ubuntu.com.localdomain,28,1,
2025-11-11T01:11:57.598294Z,192.168.200.131,ntp-bootstrap.ubuntu.com.localdomain,28,1,
2025-11-11T01:11:57.601320Z,192.168.200.129,ntp-bootstrap.ubuntu.com.localdomain,28,0,
2025-11-11T01:11:57.601320Z,192.168.200.129,ntp-bootstrap.ubuntu.com.localdomain,1,0,
2025-11-11T01:11:57.601326Z,192.168.200.129,ntp-bootstrap.ubuntu.com.localdomain,28,0,
2025-11-11T01:11:57.601328Z,192.168.200.129,ntp-bootstrap.ubuntu.com.localdomain,1,0,
2025-11-11T01:11:57.601599Z,192.168.200.131,ntp-bootstrap.ubuntu.com.localdomain,1,1,
2025-11-11T01:11:57.601599Z,192.168.200.131,ntp-bootstrap.ubuntu.com.localdomain,28,1,
2025-11-11T01:11:57.601601Z,192.168.200.131,ntp-bootstrap.ubuntu.com.localdomain,1,1,
2025-11-11T01:11:57.601602Z,192.168.200.131,ntp-bootstrap.ubuntu.com.localdomain,28,1,
2025-11-11T01:12:01.386341Z,192.168.200.129,1.ntp.ubuntu.com,1,0,
2025-11-11T01:12:01.386392Z,192.168.200.129,1.ntp.ubuntu.com,1,0,
2025-11-11T01:12:01.386406Z,192.168.200.129,1.ntp.ubuntu.com,28,0,
2025-11-11T01:12:01.386406Z,192.168.200.129,1.ntp.ubuntu.com,28,0,
2025-11-11T01:12:01.389159Z,192.168.200.131,1.ntp.ubuntu.com,1,1,
2025-11-11T01:12:01.389231Z,192.168.200.131,1.ntp.ubuntu.com,1,1,
2025-11-11T01:12:01.389249Z,192.168.200.131,1.ntp.ubuntu.com,28,1,
2025-11-11T01:12:01.389250Z,192.168.200.131,1.ntp.ubuntu.com,28,1,
2025-11-11T01:12:01.390224Z,192.168.200.129,1.ntp.ubuntu.com,28,0,
2025-11-11T01:12:01.390225Z,192.168.200.129,1.ntp.ubuntu.com,1,0,
2025-11-11T01:12:01.390231Z,192.168.200.129,1.ntp.ubuntu.com,28,0,
2025-11-11T01:12:01.390246Z,192.168.200.129,1.ntp.ubuntu.com,1,0,
2025-11-11T01:12:01.390478Z,192.168.200.131,1.ntp.ubuntu.com,28,1,
2025-11-11T01:12:01.390481Z,192.168.200.131,1.ntp.ubuntu.com,28,1,
2025-11-11T01:12:01.390532Z,192.168.200.131,1.ntp.ubuntu.com,1,1,
2025-11-11T01:12:01.390535Z,192.168.200.131,1.ntp.ubuntu.com,1,1,
2025-11-11T01:12:01.390825Z,192.168.200.129,1.ntp.ubuntu.com,1,0,
2025-11-11T01:12:01.390829Z,192.168.200.129,1.ntp.ubuntu.com,1,0,
2025-11-11T01:12:01.390892Z,192.168.200.129,1.ntp.ubuntu.com,28,0,
2025-11-11T01:12:01.390893Z,192.168.200.129,1.ntp.ubuntu.com,28,0,
2025-11-11T01:12:01.390991Z,192.168.200.131,1.ntp.ubuntu.com,1,1,
2025-11-11T01:12:01.390994Z,192.168.200.131,1.ntp.ubuntu.com,1,1,
2025-11-11T01:12:01.391066Z,192.168.200.131,1.ntp.ubuntu.com,28,1,
2025-11-11T01:12:01.391067Z,192.168.200.131,1.ntp.ubuntu.com,28,1,
2025-11-11T01:12:01.391499Z,192.168.200.129,1.ntp.ubuntu.com,28,0,
2025-11-11T01:12:01.391501Z,192.168.200.129,1.ntp.ubuntu.com,28,0,
2025-11-11T01:12:01.391529Z,192.168.200.129,1.ntp.ubuntu.com,1,0,
2025-11-11T01:12:01.391530Z,192.168.200.129,1.ntp.ubuntu.com,1,0,
2025-11-11T01:12:01.391638Z,192.168.200.131,1.ntp.ubuntu.com,28,1,
2025-11-11T01:12:01.391640Z,192.168.200.131,1.ntp.ubuntu.com,28,1,
2025-11-11T01:12:01.391662Z,192.168.200.131,1.ntp.ubuntu.com,1,1,
2025-11-11T01:12:01.391663Z,192.168.200.131,1.ntp.ubuntu.com,1,1,
2025-11-11T01:12:01.391981Z,192.168.200.129,1.ntp.ubuntu.com.localdomain,1,0,
2025-11-11T01:12:01.391981Z,192.168.200.129,1.ntp.ubuntu.com.localdomain,28,0,
2025-11-11T01:12:01.391982Z,192.168.200.129,1.ntp.ubuntu.com.localdomain,1,0,
2025-11-11T01:12:01.391991Z,192.168.200.129,1.ntp.ubuntu.com.localdomain,28,0,
2025-11-11T01:12:01.392926Z,192.168.200.131,1.ntp.ubuntu.com.localdomain,28,1,
2025-11-11T01:12:01.392928Z,192.168.200.131,1.ntp.ubuntu.com.localdomain,28,1,
2025-11-11T01:12:01.393612Z,192.168.200.129,1.ntp.ubuntu.com.localdomain,28,0,
2025-11-11T01:12:01.393614Z,192.168.200.129,1.ntp.ubuntu.com.localdomain,28,0,
2025-11-11T01:12:01.393791Z,192.168.200.131,1.ntp.ubuntu.com.localdomain,28,1,
2025-11-11T01:12:01.393793Z,192.168.200.131,1.ntp.ubuntu.com.localdomain,28,1,
2025-11-11T01:12:01.400449Z,192.168.200.131,1.ntp.ubuntu.com.localdomain,1,1,
2025-11-11T01:12:01.400451Z,192.168.200.131,1.ntp.ubuntu.com.localdomain,1,1,
2025-11-11T01:12:01.402368Z,192.168.200.129,1.ntp.ubuntu.com.localdomain,1,0,
2025-11-11T01:12:01.402380Z,192.168.200.129,1.ntp.ubuntu.com.localdomain,1,0,
2025-11-11T01:12:01.402801Z,192.168.200.131,1.ntp.ubuntu.com.localdomain,1,1,
2025-11-11T01:12:01.402806Z,192.168.200.131,1.ntp.ubuntu.com.localdomain,1,1,
2025-11-11T01:12:01.403604Z,192.168.200.129,1.ntp.ubuntu.com.localdomain,1,0,
2025-11-11T01:12:01.403612Z,192.168.200.129,1.ntp.ubuntu.com.localdomain,1,0,
2025-11-11T01:12:01.403663Z,192.168.200.129,1.ntp.ubuntu.com.localdomain,28,0,
2025-11-11T01:12:01.403665Z,192.168.200.129,1.ntp.ubuntu.com.localdomain,28,0,
2025-11-11T01:12:01.404098Z,192.168.200.131,1.ntp.ubuntu.com.localdomain,1,1,
2025-11-11T01:12:01.404100Z,192.168.200.131,1.ntp.ubuntu.com.localdomain,1,1,
2025-11-11T01:12:01.404303Z,192.168.200.131,1.ntp.ubuntu.com.localdomain,28,1,
2025-11-11T01:12:01.404305Z,192.168.200.131,1.ntp.ubuntu.com.localdomain,28,1,
2025-11-11T01:12:01.405139Z,192.168.200.129,1.ntp.ubuntu.com.localdomain,28,0,
2025-11-11T01:12:01.405140Z,192.168.200.129,1.ntp.ubuntu.com.localdomain,1,0,
2025-11-11T01:12:01.405143Z,192.168.200.129,1.ntp.ubuntu.com.localdomain,28,0,
2025-11-11T01:12:01.405157Z,192.168.200.129,1.ntp.ubuntu.com.localdomain,1,0,
2025-11-11T01:12:01.405445Z,192.168.200.131,1.ntp.ubuntu.com.localdomain,1,1,
2025-11-11T01:12:01.405448Z,192.168.200.131,1.ntp.ubuntu.com.localdomain,1,1,
2025-11-11T01:12:01.405468Z,192.168.200.131,1.ntp.ubuntu.com.localdomain,28,1,
2025-11-11T01:12:01.405470Z,192.168.200.131,1.ntp.ubuntu.com.localdomain,28,1,
2025-11-11T01:12:01.406705Z,192.168.200.129,2.ntp.ubuntu.com,1,0,
2025-11-11T01:12:01.406734Z,192.168.200.129,2.ntp.ubuntu.com,1,0,
2025-11-11T01:12:01.406769Z,192.168.200.129,2.ntp.ubuntu.com,28,0,
2025-11-11T01:12:01.406770Z,192.168.200.129,2.ntp.ubuntu.com,28,0,
2025-11-11T01:12:01.408474Z,192.168.200.131,2.ntp.ubuntu.com,1,1,
2025-11-11T01:12:01.408474Z,192.168.200.131,2.ntp.ubuntu.com,28,1,
2025-11-11T01:12:01.408481Z,192.168.200.131,2.ntp.ubuntu.com,1,1,
2025-11-11T01:12:01.408493Z,192.168.200.131,2.ntp.ubuntu.com,28,1,
2025-11-11T01:12:01.409270Z,192.168.200.129,2.ntp.ubuntu.com,28,0,
2025-11-11T01:12:01.409274Z,192.168.200.129,2.ntp.ubuntu.com,28,0,
2025-11-11T01:12:01.409311Z,192.168.200.129,2.ntp.ubuntu.com,1,0,
2025-11-11T01:12:01.409312Z,192.168.200.129,2.ntp.ubuntu.com,1,0,
2025-11-11T01:12:01.409439Z,192.168.200.131,2.ntp.ubuntu.com,28,1,
2025-11-11T01:12:01.409442Z,192.168.200.131,2.ntp.ubuntu.com,28,1,
2025-11-11T01:12:01.409828Z,192.168.200.131,2.ntp.ubuntu.com,1,1,
2025-11-11T01:12:01.409830Z,192.168.200.131,2.ntp.ubuntu.com,1,1,
2025-11-11T01:12:01.410051Z,192.168.200.129,2.ntp.ubuntu.com,1,0,
2025-11-11T01:12:01.410054Z,192.168.200.129,2.ntp.ubuntu.com,1,0,
2025-11-11T01:12:01.410101Z,192.168.200.129,2.ntp.ubuntu.com,28,0,
2025-11-11T01:12:01.410103Z,192.168.200.129,2.ntp.ubuntu.com,28,0,
2025-11-11T01:12:01.410171Z,192.168.200.131,2.ntp.ubuntu.com,1,1,
2025-11-11T01:12:01.410171Z,192.168.200.131,2.ntp.ubuntu.com,1,1,
2025-11-11T01:12:01.410260Z,192.168.200.131,2.ntp.ubuntu.com,28,1,
2025-11-11T01:12:01.410262Z,192.168.200.131,2.ntp.ubuntu.com,28,1,
2025-11-11T01:12:01.410679Z,192.168.200.129,2.ntp.ubuntu.com,28,0,
2025-11-11T01:12:01.410680Z,192.168.200.129,2.ntp.ubuntu.com,1,0,
2025-11-11T01:12:01.410681Z,192.168.200.129,2.ntp.ubuntu.com,28,0,
2025-11-11T01:12:01.410690Z,192.168.200.129,2.ntp.ubuntu.com,1,0,
2025-11-11T01:12:01.410861Z,192.168.200.131,2.ntp.ubuntu.com,28,1,
2025-11-11T01:12:01.410865Z,192.168.200.131,2.ntp.ubuntu.com,28,1,
2025-11-11T01:12:01.410908Z,192.168.200.131,2.ntp.ubuntu.com,1,1,
2025-11-11T01:12:01.410910Z,192.168.200.131,2.ntp.ubuntu.com,1,1,
2025-11-11T01:12:01.411118Z,192.168.200.129,2.ntp.ubuntu.com.localdomain,1,0,
2025-11-11T01:12:01.411120Z,192.168.200.129,2.ntp.ubuntu.com.localdomain,1,0,
2025-11-11T01:12:01.411164Z,192.168.200.129,2.ntp.ubuntu.com.localdomain,28,0,
2025-11-11T01:12:01.411167Z,192.168.200.129,2.ntp.ubuntu.com.localdomain,28,0,
2025-11-11T01:12:01.412026Z,192.168.200.131,2.ntp.ubuntu.com.localdomain,28,1,
2025-11-11T01:12:01.412029Z,192.168.200.131,2.ntp.ubuntu.com.localdomain,28,1,
2025-11-11T01:12:01.412411Z,192.168.200.131,2.ntp.ubuntu.com.localdomain,1,1,
2025-11-11T01:12:01.412413Z,192.168.200.131,2.ntp.ubuntu.com.localdomain,1,1,
2025-11-11T01:12:01.412660Z,192.168.200.129,2.ntp.ubuntu.com.localdomain,1,0,
2025-11-11T01:12:01.412660Z,192.168.200.129,2.ntp.ubuntu.com.localdomain,28,0,
2025-11-11T01:12:01.412662Z,192.168.200.129,2.ntp.ubuntu.com.localdomain,1,0,
2025-11-11T01:12:01.412674Z,192.168.200.129,2.ntp.ubuntu.com.localdomain,28,0,
2025-11-11T01:12:01.412814Z,192.168.200.131,2.ntp.ubuntu.com.localdomain,1,1,
2025-11-11T01:12:01.412825Z,192.168.200.131,2.ntp.ubuntu.com.localdomain,1,1,
2025-11-11T01:12:01.412843Z,192.168.200.131,2.ntp.ubuntu.com.localdomain,28,1,
2025-11-11T01:12:01.412844Z,192.168.200.131,2.ntp.ubuntu.com.localdomain,28,1,
2025-11-11T01:12:01.413035Z,192.168.200.129,2.ntp.ubuntu.com.localdomain,1,0,
2025-11-11T01:12:01.413037Z,192.168.200.129,2.ntp.ubuntu.com.localdomain,1,0,
2025-11-11T01:12:01.413125Z,192.168.200.129,2.ntp.ubuntu.com.localdomain,28,0,
2025-11-11T01:12:01.413126Z,192.168.200.131,2.ntp.ubuntu.com.localdomain,1,1,
2025-11-11T01:12:01.413127Z,192.168.200.129,2.ntp.ubuntu.com.localdomain,28,0,
2025-11-11T01:12:01.413137Z,192.168.200.131,2.ntp.ubuntu.com.localdomain,1,1,
2025-11-11T01:12:01.413247Z,192.168.200.131,2.ntp.ubuntu.com.localdomain,28,1,
2025-11-11T01:12:01.413248Z,192.168.200.131,2.ntp.ubuntu.com.localdomain,28,1,
2025-11-11T01:12:01.413596Z,192.168.200.129,2.ntp.ubuntu.com.localdomain,28,0,
2025-11-11T01:12:01.413596Z,192.168.200.129,2.ntp.ubuntu.com.localdomain,1,0,
2025-11-11T01:12:01.413598Z,192.168.200.129,2.ntp.ubuntu.com.localdomain,28,0,
2025-11-11T01:12:01.413610Z,192.168.200.129,2.ntp.ubuntu.com.localdomain,1,0,
2025-11-11T01:12:01.413699Z,192.168.200.131,2.ntp.ubuntu.com.localdomain,28,1,
2025-11-11T01:12:01.413700Z,192.168.200.131,2.ntp.ubuntu.com.localdomain,28,1,
2025-11-11T01:12:01.413746Z,192.168.200.131,2.ntp.ubuntu.com.localdomain,1,1,
2025-11-11T01:12:01.413747Z,192.168.200.131,2.ntp.ubuntu.com.localdomain,1,1,
2025-11-11T01:12:01.414240Z,192.168.200.129,3.ntp.ubuntu.com,1,0,
2025-11-11T01:12:01.414242Z,192.168.200.129,3.ntp.ubuntu.com,1,0,
2025-11-11T01:12:01.414332Z,192.168.200.129,3.ntp.ubuntu.com,28,0,
2025-11-11T01:12:01.414335Z,192.168.200.129,3.ntp.ubuntu.com,28,0,
2025-11-11T01:12:01.415794Z,192.168.200.131,3.ntp.ubuntu.com,28,1,
2025-11-11T01:12:01.415801Z,192.168.200.131,3.ntp.ubuntu.com,28,1,
2025-11-11T01:12:01.416576Z,192.168.200.129,3.ntp.ubuntu.com,28,0,
2025-11-11T01:12:01.416577Z,192.168.200.131,3.ntp.ubuntu.com,1,1,
2025-11-11T01:12:01.416579Z,192.168.200.129,3.ntp.ubuntu.com,28,0,
2025-11-11T01:12:01.416602Z,192.168.200.131,3.ntp.ubuntu.com,1,1,
2025-11-11T01:12:01.416765Z,192.168.200.131,3.ntp.ubuntu.com,28,1,
2025-11-11T01:12:01.416771Z,192.168.200.131,3.ntp.ubuntu.com,28,1,
2025-11-11T01:12:01.417270Z,192.168.200.129,3.ntp.ubuntu.com,1,0,
2025-11-11T01:12:01.417272Z,192.168.200.129,3.ntp.ubuntu.com,1,0,
2025-11-11T01:12:01.417490Z,192.168.200.131,3.ntp.ubuntu.com,1,1,
2025-11-11T01:12:01.417492Z,192.168.200.131,3.ntp.ubuntu.com,1,1,
2025-11-11T01:12:01.417871Z,192.168.200.129,3.ntp.ubuntu.com,1,0,
2025-11-11T01:12:01.417872Z,192.168.200.129,3.ntp.ubuntu.com,1,0,
2025-11-11T01:12:01.417932Z,192.168.200.129,3.ntp.ubuntu.com,28,0,
2025-11-11T01:12:01.417935Z,192.168.200.129,3.ntp.ubuntu.com,28,0,
2025-11-11T01:12:01.418147Z,192.168.200.131,3.ntp.ubuntu.com,1,1,
2025-11-11T01:12:01.418147Z,192.168.200.131,3.ntp.ubuntu.com,28,1,
2025-11-11T01:12:01.418149Z,192.168.200.131,3.ntp.ubuntu.com,1,1,
2025-11-11T01:12:01.418171Z,192.168.200.131,3.ntp.ubuntu.com,28,1,
2025-11-11T01:12:01.419035Z,192.168.200.129,3.ntp.ubuntu.com,28,0,
2025-11-11T01:12:01.419035Z,192.168.200.129,3.ntp.ubuntu.com,1,0,
2025-11-11T01:12:01.419037Z,192.168.200.129,3.ntp.ubuntu.com,28,0,
2025-11-11T01:12:01.419049Z,192.168.200.129,3.ntp.ubuntu.com,1,0,
2025-11-11T01:12:01.419535Z,192.168.200.131,3.ntp.ubuntu.com,28,1,
2025-11-11T01:12:01.419535Z,192.168.200.131,3.ntp.ubuntu.com,1,1,
2025-11-11T01:12:01.419542Z,192.168.200.131,3.ntp.ubuntu.com,28,1,
2025-11-11T01:12:01.419580Z,192.168.200.131,3.ntp.ubuntu.com,1,1,
2025-11-11T01:12:01.420423Z,192.168.200.129,3.ntp.ubuntu.com.localdomain,1,0,
2025-11-11T01:12:01.420423Z,192.168.200.129,3.ntp.ubuntu.com.localdomain,28,0,
2025-11-11T01:12:01.420428Z,192.168.200.129,3.ntp.ubuntu.com.localdomain,1,0,
2025-11-11T01:12:01.420439Z,192.168.200.129,3.ntp.ubuntu.com.localdomain,28,0,
2025-11-11T01:12:01.422346Z,192.168.200.131,3.ntp.ubuntu.com.localdomain,1,1,
2025-11-11T01:12:01.422354Z,192.168.200.131,3.ntp.ubuntu.com.localdomain,1,1,
2025-11-11T01:12:01.422659Z,192.168.200.131,3.ntp.ubuntu.com.localdomain,28,1,
2025-11-11T01:12:01.422662Z,192.168.200.131,3.ntp.ubuntu.com.localdomain,28,1,
2025-11-11T01:12:01.424315Z,192.168.200.129,3.ntp.ubuntu.com.localdomain,28,0,
2025-11-11T01:12:01.424315Z,192.168.200.129,3.ntp.ubuntu.com.localdomain,1,0,
2025-11-11T01:12:01.424328Z,192.168.200.129,3.ntp.ubuntu.com.localdomain,28,0,
2025-11-11T01:12:01.424343Z,192.168.200.129,3.ntp.ubuntu.com.localdomain,1,0,
2025-11-11T01:12:01.424686Z,192.168.200.131,3.ntp.ubuntu.com.localdomain,28,1,
2025-11-11T01:12:01.424687Z,192.168.200.131,3.ntp.ubuntu.com.localdomain,1,1,
2025-11-11T01:12:01.424689Z,192.168.200.131,3.ntp.ubuntu.com.localdomain,28,1,
2025-11-11T01:12:01.424701Z,192.168.200.131,3.ntp.ubuntu.com.localdomain,1,1,
2025-11-11T01:12:01.425209Z,192.168.200.129,3.ntp.ubuntu.com.localdomain,1,0,
2025-11-11T01:12:01.425210Z,192.168.200.129,3.ntp.ubuntu.com.localdomain,28,0,
2025-11-11T01:12:01.425212Z,192.168.200.129,3.ntp.ubuntu.com.localdomain,1,0,
2025-11-11T01:12:01.425226Z,192.168.200.129,3.ntp.ubuntu.com.localdomain,28,0,
2025-11-11T01:12:01.425456Z,192.168.200.131,3.ntp.ubuntu.com.localdomain,1,1,
2025-11-11T01:12:01.425456Z,192.168.200.131,3.ntp.ubuntu.com.localdomain,28,1,
2025-11-11T01:12:01.425457Z,192.168.200.131,3.ntp.ubuntu.com.localdomain,1,1,
2025-11-11T01:12:01.425467Z,192.168.200.131,3.ntp.ubuntu.com.localdomain,28,1,
2025-11-11T01:12:01.426497Z,192.168.200.129,3.ntp.ubuntu.com.localdomain,28,0,
2025-11-11T01:12:01.426497Z,192.168.200.129,3.ntp.ubuntu.com.localdomain,1,0,
2025-11-11T01:12:01.426498Z,192.168.200.129,3.ntp.ubuntu.com.localdomain,28,0,
2025-11-11T01:12:01.426508Z,192.168.200.129,3.ntp.ubuntu.com.localdomain,1,0,
2025-11-11T01:12:01.426761Z,192.168.200.131,3.ntp.ubuntu.com.localdomain,1,1,
2025-11-11T01:12:01.426762Z,192.168.200.131,3.ntp.ubuntu.com.localdomain,28,1,
2025-11-11T01:12:01.426769Z,192.168.200.131,3.ntp.ubuntu.com.localdomain,1,1,
2025-11-11T01:12:01.426782Z,192.168.200.131,3.ntp.ubuntu.com.localdomain,28,1,
2025-11-11T01:12:01.427374Z,192.168.200.129,4.ntp.ubuntu.com,1,0,
2025-11-11T01:12:01.427376Z,192.168.200.129,4.ntp.ubuntu.com,1,0,
2025-11-11T01:12:01.427478Z,192.168.200.129,4.ntp.ubuntu.com,28,0,
2025-11-11T01:12:01.427480Z,192.168.200.129,4.ntp.ubuntu.com,28,0,
2025-11-11T01:12:01.428471Z,192.168.200.131,4.ntp.ubuntu.com,1,1,
2025-11-11T01:12:01.428475Z,192.168.200.131,4.ntp.ubuntu.com,1,1,
2025-11-11T01:12:01.428837Z,192.168.200.131,4.ntp.ubuntu.com,28,1,
2025-11-11T01:12:01.428840Z,192.168.200.131,4.ntp.ubuntu.com,28,1,
2025-11-11T01:12:01.431491Z,192.168.200.129,4.ntp.ubuntu.com,28,0,
2025-11-11T01:12:01.431491Z,192.168.200.129,4.ntp.ubuntu.com,1,0,
2025-11-11T01:12:01.431500Z,192.168.200.129,4.ntp.ubuntu.com,28,0,
2025-11-11T01:12:01.431518Z,192.168.200.129,4.ntp.ubuntu.com,1,0,
2025-11-11T01:12:01.431798Z,192.168.200.131,4.ntp.ubuntu.com,28,1,
2025-11-11T01:12:01.431798Z,192.168.200.131,4.ntp.ubuntu.com,1,1,
2025-11-11T01:12:01.431805Z,192.168.200.131,4.ntp.ubuntu.com,28,1,
2025-11-11T01:12:01.431817Z,192.168.200.131,4.ntp.ubuntu.com,1,1,
2025-11-11T01:12:01.432412Z,192.168.200.129,4.ntp.ubuntu.com,1,0,
2025-11-11T01:12:01.432412Z,192.168.200.129,4.ntp.ubuntu.com,28,0,
2025-11-11T01:12:01.432457Z,192.168.200.129,4.ntp.ubuntu.com,1,0,
2025-11-11T01:12:01.432471Z,192.168.200.129,4.ntp.ubuntu.com,28,0,
2025-11-11T01:12:01.432669Z,192.168.200.131,4.ntp.ubuntu.com,1,1,
2025-11-11T01:12:01.432670Z,192.168.200.131,4.ntp.ubuntu.com,28,1,
2025-11-11T01:12:01.432672Z,192.168.200.131,4.ntp.ubuntu.com,1,1,
2025-11-11T01:12:01.432684Z,192.168.200.131,4.ntp.ubuntu.com,28,1,
2025-11-11T01:12:01.434407Z,192.168.200.129,4.ntp.ubuntu.com,28,0,
2025-11-11T01:12:01.434410Z,192.168.200.129,4.ntp.ubuntu.com,28,0,
2025-11-11T01:12:01.434577Z,192.168.200.131,4.ntp.ubuntu.com,28,1,
2025-11-11T01:12:01.434578Z,192.168.200.131,4.ntp.ubuntu.com,28,1,
2025-11-11T01:12:01.436042Z,192.168.200.129,4.ntp.ubuntu.com,1,0,
2025-11-11T01:12:01.436046Z,192.168.200.129,4.ntp.ubuntu.com,1,0,
2025-11-11T01:12:01.436379Z,192.168.200.131,4.ntp.ubuntu.com,1,1,
2025-11-11T01:12:01.436380Z,192.168.200.131,4.ntp.ubuntu.com,1,1,
2025-11-11T01:12:01.436875Z,192.168.200.129,4.ntp.ubuntu.com.localdomain,1,0,
2025-11-11T01:12:01.436876Z,192.168.200.129,4.ntp.ubuntu.com.localdomain,28,0,
2025-11-11T01:12:01.436882Z,192.168.200.129,4.ntp.ubuntu.com.localdomain,1,0,
2025-11-11T01:12:01.436894Z,192.168.200.129,4.ntp.ubuntu.com.localdomain,28,0,
2025-11-11T01:12:01.438239Z,192.168.200.131,4.ntp.ubuntu.com.localdomain,1,1,
2025-11-11T01:12:01.438244Z,192.168.200.131,4.ntp.ubuntu.com.localdomain,1,1,
2025-11-11T01:12:01.438395Z,192.168.200.131,4.ntp.ubuntu.com.localdomain,28,1,
2025-11-11T01:12:01.438397Z,192.168.200.131,4.ntp.ubuntu.com.localdomain,28,1,
2025-11-11T01:12:01.440879Z,192.168.200.129,4.ntp.ubuntu.com.localdomain,28,0,
2025-11-11T01:12:01.440879Z,192.168.200.129,4.ntp.ubuntu.com.localdomain,1,0,
2025-11-11T01:12:01.440888Z,192.168.200.129,4.ntp.ubuntu.com.localdomain,28,0,
2025-11-11T01:12:01.440900Z,192.168.200.129,4.ntp.ubuntu.com.localdomain,1,0,
2025-11-11T01:12:01.441117Z,192.168.200.131,4.ntp.ubuntu.com.localdomain,1,1,
2025-11-11T01:12:01.441117Z,192.168.200.131,4.ntp.ubuntu.com.localdomain,28,1,
2025-11-11T01:12:01.441119Z,192.168.200.131,4.ntp.ubuntu.com.localdomain,1,1,
2025-11-11T01:12:01.441129Z,192.168.200.131,4.ntp.ubuntu.com.localdomain,28,1,
2025-11-11T01:12:01.441438Z,192.168.200.129,4.ntp.ubuntu.com.localdomain,1,0,
2025-11-11T01:12:01.441438Z,192.168.200.129,4.ntp.ubuntu.com.localdomain,28,0,
2025-11-11T01:12:01.441440Z,192.168.200.129,4.ntp.ubuntu.com.localdomain,1,0,
2025-11-11T01:12:01.441449Z,192.168.200.129,4.ntp.ubuntu.com.localdomain,28,0,
2025-11-11T01:12:01.441553Z,192.168.200.131,4.ntp.ubuntu.com.localdomain,1,1,
2025-11-11T01:12:01.441553Z,192.168.200.131,4.ntp.ubuntu.com.localdomain,28,1,
2025-11-11T01:12:01.441555Z,192.168.200.131,4.ntp.ubuntu.com.localdomain,1,1,
2025-11-11T01:12:01.441563Z,192.168.200.131,4.ntp.ubuntu.com.localdomain,28,1,
2025-11-11T01:12:01.443983Z,192.168.200.129,4.ntp.ubuntu.com.localdomain,28,0,
2025-11-11T01:12:01.443983Z,192.168.200.129,4.ntp.ubuntu.com.localdomain,1,0,
2025-11-11T01:12:01.443986Z,192.168.200.129,4.ntp.ubuntu.com.localdomain,28,0,
2025-11-11T01:12:01.443995Z,192.168.200.129,4.ntp.ubuntu.com.localdomain,1,0,
2025-11-11T01:12:01.444242Z,192.168.200.131,4.ntp.ubuntu.com.localdomain,28,1,
2025-11-11T01:12:01.444242Z,192.168.200.131,4.ntp.ubuntu.com.localdomain,1,1,
2025-11-11T01:12:01.444244Z,192.168.200.131,4.ntp.ubuntu.com.localdomain,28,1,
2025-11-11T01:12:01.444256Z,192.168.200.131,4.ntp.ubuntu.com.localdomain,1,1,
2025-11-11T01:12:01.444877Z,192.168.200.129,ntp-bootstrap.ubuntu.com,1,0,
2025-11-11T01:12:01.444877Z,192.168.200.129,ntp-bootstrap.ubuntu.com,28,0,
2025-11-11T01:12:01.444879Z,192.168.200.129,ntp-bootstrap.ubuntu.com,1,0,
2025-11-11T01:12:01.444892Z,192.168.200.129,ntp-bootstrap.ubuntu.com,28,0,
2025-11-11T01:12:01.446037Z,192.168.200.131,ntp-bootstrap.ubuntu.com,1,1,
2025-11-11T01:12:01.446039Z,192.168.200.131,ntp-bootstrap.ubuntu.com,1,1,
2025-11-11T01:12:01.446144Z,192.168.200.131,ntp-bootstrap.ubuntu.com,28,1,
2025-11-11T01:12:01.446146Z,192.168.200.131,ntp-bootstrap.ubuntu.com,28,1,
2025-11-11T01:12:01.448122Z,192.168.200.129,ntp-bootstrap.ubuntu.com,28,0,
2025-11-11T01:12:01.448122Z,192.168.200.129,ntp-bootstrap.ubuntu.com,1,0,
2025-11-11T01:12:01.448127Z,192.168.200.129,ntp-bootstrap.ubuntu.com,28,0,
2025-11-11T01:12:01.448139Z,192.168.200.129,ntp-bootstrap.ubuntu.com,1,0,
2025-11-11T01:12:01.448431Z,192.168.200.131,ntp-bootstrap.ubuntu.com,28,1,
2025-11-11T01:12:01.448432Z,192.168.200.131,ntp-bootstrap.ubuntu.com,1,1,
2025-11-11T01:12:01.448433Z,192.168.200.131,ntp-bootstrap.ubuntu.com,28,1,
2025-11-11T01:12:01.448443Z,192.168.200.131,ntp-bootstrap.ubuntu.com,1,1,
2025-11-11T01:12:01.448938Z,192.168.200.129,ntp-bootstrap.ubuntu.com,1,0,
2025-11-11T01:12:01.448938Z,192.168.200.129,ntp-bootstrap.ubuntu.com,28,0,
2025-11-11T01:12:01.448940Z,192.168.200.129,ntp-bootstrap.ubuntu.com,1,0,
2025-11-11T01:12:01.448950Z,192.168.200.129,ntp-bootstrap.ubuntu.com,28,0,
2025-11-11T01:12:01.449173Z,192.168.200.131,ntp-bootstrap.ubuntu.com,1,1,
2025-11-11T01:12:01.449173Z,192.168.200.131,ntp-bootstrap.ubuntu.com,28,1,
2025-11-11T01:12:01.449174Z,192.168.200.131,ntp-bootstrap.ubuntu.com,1,1,
2025-11-11T01:12:01.449183Z,192.168.200.131,ntp-bootstrap.ubuntu.com,28,1,
2025-11-11T01:12:01.451135Z,192.168.200.129,ntp-bootstrap.ubuntu.com,28,0,
2025-11-11T01:12:01.451136Z,192.168.200.129,ntp-bootstrap.ubuntu.com,1,0,
2025-11-11T01:12:01.451140Z,192.168.200.129,ntp-bootstrap.ubuntu.com,28,0,
2025-11-11T01:12:01.451150Z,192.168.200.129,ntp-bootstrap.ubuntu.com,1,0,
2025-11-11T01:12:01.451351Z,192.168.200.131,ntp-bootstrap.ubuntu.com,28,1,
2025-11-11T01:12:01.451352Z,192.168.200.131,ntp-bootstrap.ubuntu.com,1,1,
2025-11-11T01:12:01.451359Z,192.168.200.131,ntp-bootstrap.ubuntu.com,28,1,
2025-11-11T01:12:01.451377Z,192.168.200.131,ntp-bootstrap.ubuntu.com,1,1,
2025-11-11T01:12:01.451727Z,192.168.200.129,ntp-bootstrap.ubuntu.com.localdomain,1,0,
2025-11-11T01:12:01.451728Z,192.168.200.129,ntp-bootstrap.ubuntu.com.localdomain,28,0,
2025-11-11T01:12:01.451730Z,192.168.200.129,ntp-bootstrap.ubuntu.com.localdomain,1,0,
2025-11-11T01:12:01.451743Z,192.168.200.129,ntp-bootstrap.ubuntu.com.localdomain,28,0,
2025-11-11T01:12:01.452913Z,192.168.200.131,ntp-bootstrap.ubuntu.com.localdomain,28,1,
2025-11-11T01:12:01.452915Z,192.168.200.131,ntp-bootstrap.ubuntu.com.localdomain,28,1,
2025-11-11T01:12:01.453558Z,192.168.200.131,ntp-bootstrap.ubuntu.com.localdomain,1,1,
2025-11-11T01:12:01.453560Z,192.168.200.131,ntp-bootstrap.ubuntu.com.localdomain,1,1,
2025-11-11T01:12:01.455444Z,192.168.200.129,ntp-bootstrap.ubuntu.com.localdomain,1,0,
2025-11-11T01:12:01.455444Z,192.168.200.129,ntp-bootstrap.ubuntu.com.localdomain,28,0,
2025-11-11T01:12:01.455449Z,192.168.200.129,ntp-bootstrap.ubuntu.com.localdomain,1,0,
2025-11-11T01:12:01.455462Z,192.168.200.129,ntp-bootstrap.ubuntu.com.localdomain,28,0,
2025-11-11T01:12:01.455653Z,192.168.200.131,ntp-bootstrap.ubuntu.com.localdomain,1,1,
2025-11-11T01:12:01.455653Z,192.168.200.131,ntp-bootstrap.ubuntu.com.localdomain,28,1,
2025-11-11T01:12:01.455657Z,192.168.200.131,ntp-bootstrap.ubuntu.com.localdomain,1,1,
2025-11-11T01:12:01.455675Z,192.168.200.131,ntp-bootstrap.ubuntu.com.localdomain,28,1,
2025-11-11T01:12:01.455963Z,192.168.200.129,ntp-bootstrap.ubuntu.com.localdomain,1,0,
2025-11-11T01:12:01.455964Z,192.168.200.129,ntp-bootstrap.ubuntu.com.localdomain,28,0,
2025-11-11T01:12:01.455966Z,192.168.200.129,ntp-bootstrap.ubuntu.com.localdomain,1,0,
2025-11-11T01:12:01.455979Z,192.168.200.129,ntp-bootstrap.ubuntu.com.localdomain,28,0,
2025-11-11T01:12:01.456145Z,192.168.200.131,ntp-bootstrap.ubuntu.com.localdomain,1,1,
2025-11-11T01:12:01.456147Z,192.168.200.131,ntp-bootstrap.ubuntu.com.localdomain,1,1,
2025-11-11T01:12:01.456162Z,192.168.200.131,ntp-bootstrap.ubuntu.com.localdomain,28,1,
2025-11-11T01:12:01.456163Z,192.168.200.131,ntp-bootstrap.ubuntu.com.localdomain,28,1,
2025-11-11T01:12:01.458427Z,192.168.200.129,ntp-bootstrap.ubuntu.com.localdomain,28,0,
2025-11-11T01:12:01.458428Z,192.168.200.129,ntp-bootstrap.ubuntu.com.localdomain,1,0,
2025-11-11T01:12:01.458431Z,192.168.200.129,ntp-bootstrap.ubuntu.com.localdomain,28,0,
2025-11-11T01:12:01.458441Z,192.168.200.129,ntp-bootstrap.ubuntu.com.localdomain,1,0,
2025-11-11T01:12:01.458593Z,192.168.200.131,ntp-bootstrap.ubuntu.com.localdomain,28,1,
2025-11-11T01:12:01.458595Z,192.168.200.131,ntp-bootstrap.ubuntu.com.localdomain,28,1,
2025-11-11T01:12:01.458610Z,192.168.200.131,ntp-bootstrap.ubuntu.com.localdomain,1,1,
2025-11-11T01:12:01.458611Z,192.168.200.131,ntp-bootstrap.ubuntu.com.localdomain,1,1,
2025-11-11T01:12:04.101583Z,192.168.200.129,push.services.mozilla.com,1,0,
2025-11-11T01:12:04.101656Z,192.168.200.129,push.services.mozilla.com,1,0,
2025-11-11T01:12:04.102280Z,192.168.200.129,push.services.mozilla.com,28,0,
2025-11-11T01:12:04.102283Z,192.168.200.129,push.services.mozilla.com,28,0,
2025-11-11T01:12:04.104142Z,192.168.200.131,push.services.mozilla.com,1,1,
2025-11-11T01:12:04.104177Z,192.168.200.131,push.services.mozilla.com,1,1,
2025-11-11T01:12:04.104340Z,192.168.200.131,push.services.mozilla.com,28,1,
2025-11-11T01:12:04.104362Z,192.168.200.131,push.services.mozilla.com,28,1,
2025-11-11T01:12:04.106678Z,192.168.200.129,push.services.mozilla.com,28,0,
2025-11-11T01:12:04.106679Z,192.168.200.129,push.services.mozilla.com,1,0,
2025-11-11T01:12:04.106685Z,192.168.200.129,push.services.mozilla.com,28,0,
2025-11-11T01:12:04.106709Z,192.168.200.129,push.services.mozilla.com,1,0,
2025-11-11T01:12:04.107234Z,192.168.200.131,push.services.mozilla.com,28,1,
2025-11-11T01:12:04.107234Z,192.168.200.131,push.services.mozilla.com,1,1,
2025-11-11T01:12:04.107240Z,192.168.200.131,push.services.mozilla.com,28,1,
2025-11-11T01:12:04.107260Z,192.168.200.131,push.services.mozilla.com,1,1,
2025-11-11T01:12:04.109004Z,192.168.200.129,push.services.mozilla.com,1,0,
2025-11-11T01:12:04.109017Z,192.168.200.129,push.services.mozilla.com,1,0,
2025-11-11T01:12:04.109096Z,192.168.200.129,push.services.mozilla.com,28,0,
2025-11-11T01:12:04.109097Z,192.168.200.129,push.services.mozilla.com,28,0,
2025-11-11T01:12:04.109571Z,192.168.200.131,push.services.mozilla.com,1,1,
2025-11-11T01:12:04.109579Z,192.168.200.131,push.services.mozilla.com,1,1,
2025-11-11T01:12:04.109610Z,192.168.200.131,push.services.mozilla.com,28,1,
2025-11-11T01:12:04.109611Z,192.168.200.131,push.services.mozilla.com,28,1,
2025-11-11T01:12:04.111600Z,192.168.200.129,push.services.mozilla.com,28,0,
2025-11-11T01:12:04.111601Z,192.168.200.129,push.services.mozilla.com,1,0,
2025-11-11T01:12:04.111608Z,192.168.200.129,push.services.mozilla.com,28,0,
2025-11-11T01:12:04.111628Z,192.168.200.129,push.services.mozilla.com,1,0,
2025-11-11T01:12:04.112127Z,192.168.200.131,push.services.mozilla.com,28,1,
2025-11-11T01:12:04.112128Z,192.168.200.131,push.services.mozilla.com,1,1,
2025-11-11T01:12:04.112141Z,192.168.200.131,push.services.mozilla.com,28,1,
2025-11-11T01:12:04.112161Z,192.168.200.131,push.services.mozilla.com,1,1,
2025-11-11T01:12:04.112636Z,192.168.200.129,push.services.mozilla.com.localdomain,1,0,
2025-11-11T01:12:04.112639Z,192.168.200.129,push.services.mozilla.com.localdomain,1,0,
2025-11-11T01:12:04.112783Z,192.168.200.129,push.services.mozilla.com.localdomain,28,0,
2025-11-11T01:12:04.112785Z,192.168.200.129,push.services.mozilla.com.localdomain,28,0,
2025-11-11T01:12:04.114335Z,192.168.200.131,push.services.mozilla.com.localdomain,1,1,
2025-11-11T01:12:04.114363Z,192.168.200.131,push.services.mozilla.com.localdomain,1,1,
2025-11-11T01:12:04.114797Z,192.168.200.131,push.services.mozilla.com.localdomain,28,1,
2025-11-11T01:12:04.114804Z,192.168.200.131,push.services.mozilla.com.localdomain,28,1,
2025-11-11T01:12:04.115835Z,192.168.200.129,push.services.mozilla.com.localdomain,28,0,
2025-11-11T01:12:04.115836Z,192.168.200.129,push.services.mozilla.com.localdomain,1,0,
2025-11-11T01:12:04.115842Z,192.168.200.129,push.services.mozilla.com.localdomain,28,0,
2025-11-11T01:12:04.115858Z,192.168.200.129,push.services.mozilla.com.localdomain,1,0,
2025-11-11T01:12:04.115872Z,192.168.200.129,incoming.telemetry.mozilla.org,1,0,
2025-11-11T01:12:04.115873Z,192.168.200.129,incoming.telemetry.mozilla.org,1,0,
2025-11-11T01:12:04.116166Z,192.168.200.129,incoming.telemetry.mozilla.org,28,0,
2025-11-11T01:12:04.116180Z,192.168.200.129,incoming.telemetry.mozilla.org,28,0,
2025-11-11T01:12:04.116619Z,192.168.200.131,push.services.mozilla.com.localdomain,28,1,
2025-11-11T01:12:04.116627Z,192.168.200.131,push.services.mozilla.com.localdomain,28,1,
2025-11-11T01:12:04.116702Z,192.168.200.131,push.services.mozilla.com.localdomain,1,1,
2025-11-11T01:12:04.116704Z,192.168.200.131,push.services.mozilla.com.localdomain,1,1,
2025-11-11T01:12:04.117223Z,192.168.200.129,push.services.mozilla.com.localdomain,1,0,
2025-11-11T01:12:04.117223Z,192.168.200.129,push.services.mozilla.com.localdomain,28,0,
2025-11-11T01:12:04.117226Z,192.168.200.129,push.services.mozilla.com.localdomain,1,0,
2025-11-11T01:12:04.117241Z,192.168.200.129,push.services.mozilla.com.localdomain,28,0,
2025-11-11T01:12:04.118387Z,192.168.200.131,incoming.telemetry.mozilla.org,1,1,
2025-11-11T01:12:04.118403Z,192.168.200.131,incoming.telemetry.mozilla.org,1,1,
2025-11-11T01:12:04.118733Z,192.168.200.131,push.services.mozilla.com.localdomain,1,1,
2025-11-11T01:12:04.118737Z,192.168.200.131,push.services.mozilla.com.localdomain,1,1,
2025-11-11T01:12:04.118792Z,192.168.200.131,push.services.mozilla.com.localdomain,28,1,
2025-11-11T01:12:04.118795Z,192.168.200.131,push.services.mozilla.com.localdomain,28,1,
2025-11-11T01:12:04.119397Z,192.168.200.131,incoming.telemetry.mozilla.org,28,1,
2025-11-11T01:12:04.119401Z,192.168.200.131,incoming.telemetry.mozilla.org,28,1,
2025-11-11T01:12:04.120203Z,192.168.200.129,incoming.telemetry.mozilla.org,28,0,
2025-11-11T01:12:04.120210Z,192.168.200.129,incoming.telemetry.mozilla.org,28,0,
2025-11-11T01:12:04.120249Z,192.168.200.129,push.services.mozilla.com.localdomain,1,0,
2025-11-11T01:12:04.120252Z,192.168.200.129,push.services.mozilla.com.localdomain,1,0,
2025-11-11T01:12:04.120335Z,192.168.200.129,push.services.mozilla.com.localdomain,28,0,
2025-11-11T01:12:04.120336Z,192.168.200.129,incoming.telemetry.mozilla.org,1,0,
2025-11-11T01:12:04.120344Z,192.168.200.129,push.services.mozilla.com.localdomain,28,0,
2025-11-11T01:12:04.120365Z,192.168.200.129,incoming.telemetry.mozilla.org,1,0,
2025-11-11T01:12:04.120457Z,192.168.200.131,incoming.telemetry.mozilla.org,28,1,
2025-11-11T01:12:04.120459Z,192.168.200.131,incoming.telemetry.mozilla.org,28,1,
2025-11-11T01:12:04.120480Z,192.168.200.131,push.services.mozilla.com.localdomain,1,1,
2025-11-11T01:12:04.120481Z,192.168.200.131,push.services.mozilla.com.localdomain,1,1,
2025-11-11T01:12:04.120674Z,192.168.200.131,push.services.mozilla.com.localdomain,28,1,
2025-11-11T01:12:04.120675Z,192.168.200.131,incoming.telemetry.mozilla.org,1,1,
2025-11-11T01:12:04.120676Z,192.168.200.131,push.services.mozilla.com.localdomain,28,1,
2025-11-11T01:12:04.120689Z,192.168.200.131,incoming.telemetry.mozilla.org,1,1,
2025-11-11T01:12:04.121014Z,192.168.200.129,incoming.telemetry.mozilla.org,1,0,
2025-11-11T01:12:04.121015Z,192.168.200.129,incoming.telemetry.mozilla.org,1,0,
2025-11-11T01:12:04.121104Z,192.168.200.129,incoming.telemetry.mozilla.org,28,0,
2025-11-11T01:12:04.121105Z,192.168.200.129,incoming.telemetry.mozilla.org,28,0,
2025-11-11T01:12:04.121218Z,192.168.200.131,incoming.telemetry.mozilla.org,1,1,
2025-11-11T01:12:04.121220Z,192.168.200.131,incoming.telemetry.mozilla.org,1,1,
2025-11-11T01:12:04.121279Z,192.168.200.131,incoming.telemetry.mozilla.org,28,1,
2025-11-11T01:12:04.121282Z,192.168.200.131,incoming.telemetry.mozilla.org,28,1,
2025-11-11T01:12:04.122884Z,192.168.200.129,incoming.telemetry.mozilla.org,28,0,
2025-11-11T01:12:04.122890Z,192.168.200.129,incoming.telemetry.mozilla.org,28,0,
2025-11-11T01:12:04.122944Z,192.168.200.129,incoming.telemetry.mozilla.org,1,0,
2025-11-11T01:12:04.122949Z,192.168.200.129,incoming.telemetry.mozilla.org,1,0,
2025-11-11T01:12:04.123135Z,192.168.200.131,incoming.telemetry.mozilla.org,28,1,
2025-11-11T01:12:04.123135Z,192.168.200.131,incoming.telemetry.mozilla.org,1,1,
2025-11-11T01:12:04.123137Z,192.168.200.131,incoming.telemetry.mozilla.org,28,1,
2025-11-11T01:12:04.123148Z,192.168.200.131,incoming.telemetry.mozilla.org,1,1,
2025-11-11T01:12:04.123460Z,192.168.200.129,incoming.telemetry.mozilla.org.localdomain,1,0,
2025-11-11T01:12:04.123465Z,192.168.200.129,incoming.telemetry.mozilla.org.localdomain,1,0,
2025-11-11T01:12:04.123546Z,192.168.200.129,incoming.telemetry.mozilla.org.localdomain,28,0,
2025-11-11T01:12:04.123548Z,192.168.200.129,incoming.telemetry.mozilla.org.localdomain,28,0,
2025-11-11T01:12:04.124714Z,192.168.200.131,incoming.telemetry.mozilla.org.localdomain,28,1,
2025-11-11T01:12:04.124719Z,192.168.200.131,incoming.telemetry.mozilla.org.localdomain,28,1,
2025-11-11T01:12:04.125012Z,192.168.200.131,incoming.telemetry.mozilla.org.localdomain,1,1,
2025-11-11T01:12:04.125015Z,192.168.200.131,incoming.telemetry.mozilla.org.localdomain,1,1,
2025-11-11T01:12:04.125498Z,192.168.200.129,incoming.telemetry.mozilla.org.localdomain,1,0,
2025-11-11T01:12:04.125498Z,192.168.200.129,incoming.telemetry.mozilla.org.localdomain,28,0,
2025-11-11T01:12:04.125502Z,192.168.200.129,incoming.telemetry.mozilla.org.localdomain,1,0,
2025-11-11T01:12:04.125515Z,192.168.200.129,incoming.telemetry.mozilla.org.localdomain,28,0,
2025-11-11T01:12:04.125702Z,192.168.200.131,incoming.telemetry.mozilla.org.localdomain,1,1,
2025-11-11T01:12:04.125706Z,192.168.200.131,incoming.telemetry.mozilla.org.localdomain,1,1,
2025-11-11T01:12:04.125725Z,192.168.200.131,incoming.telemetry.mozilla.org.localdomain,28,1,
2025-11-11T01:12:04.125726Z,192.168.200.131,incoming.telemetry.mozilla.org.localdomain,28,1,
2025-11-11T01:12:04.126096Z,192.168.200.129,incoming.telemetry.mozilla.org.localdomain,1,0,
2025-11-11T01:12:04.126099Z,192.168.200.129,incoming.telemetry.mozilla.org.localdomain,1,0,
2025-11-11T01:12:04.126137Z,192.168.200.129,incoming.telemetry.mozilla.org.localdomain,28,0,
2025-11-11T01:12:04.126138Z,192.168.200.129,incoming.telemetry.mozilla.org.localdomain,28,0,
2025-11-11T01:12:04.126315Z,192.168.200.131,incoming.telemetry.mozilla.org.localdomain,1,1,
2025-11-11T01:12:04.126315Z,192.168.200.131,incoming.telemetry.mozilla.org.localdomain,28,1,
2025-11-11T01:12:04.126318Z,192.168.200.131,incoming.telemetry.mozilla.org.localdomain,1,1,
2025-11-11T01:12:04.126329Z,192.168.200.131,incoming.telemetry.mozilla.org.localdomain,28,1,
2025-11-11T01:12:04.127029Z,192.168.200.129,incoming.telemetry.mozilla.org.localdomain,28,0,
2025-11-11T01:12:04.127030Z,192.168.200.129,incoming.telemetry.mozilla.org.localdomain,1,0,
2025-11-11T01:12:04.127032Z,192.168.200.129,incoming.telemetry.mozilla.org.localdomain,28,0,
2025-11-11T01:12:04.127043Z,192.168.200.129,incoming.telemetry.mozilla.org.localdomain,1,0,
2025-11-11T01:12:04.127196Z,192.168.200.131,incoming.telemetry.mozilla.org.localdomain,28,1,
2025-11-11T01:12:04.127198Z,192.168.200.131,incoming.telemetry.mozilla.org.localdomain,28,1,
2025-11-11T01:12:04.127217Z,192.168.200.131,incoming.telemetry.mozilla.org.localdomain,1,1,
2025-11-11T01:12:04.127218Z,192.168.200.131,incoming.telemetry.mozilla.org.localdomain,1,1,
2025-11-11T01:12:04.129893Z,192.168.200.129,incoming.telemetry.mozilla.org,1,0,
2025-11-11T01:12:04.129896Z,192.168.200.129,incoming.telemetry.mozilla.org,1,0,
2025-11-11T01:12:04.129935Z,192.168.200.129,incoming.telemetry.mozilla.org,28,0,
2025-11-11T01:12:04.129940Z,192.168.200.129,incoming.telemetry.mozilla.org,28,0,
2025-11-11T01:12:04.130146Z,192.168.200.131,incoming.telemetry.mozilla.org,1,1,
2025-11-11T01:12:04.130146Z,192.168.200.131,incoming.telemetry.mozilla.org,28,1,
2025-11-11T01:12:04.130148Z,192.168.200.131,incoming.telemetry.mozilla.org,1,1,
2025-11-11T01:12:04.130160Z,192.168.200.131,incoming.telemetry.mozilla.org,28,1,
2025-11-11T01:12:04.130807Z,192.168.200.129,incoming.telemetry.mozilla.org,28,0,
2025-11-11T01:12:04.130808Z,192.168.200.129,incoming.telemetry.mozilla.org,28,0,
2025-11-11T01:12:04.130860Z,192.168.200.129,incoming.telemetry.mozilla.org,1,0,
2025-11-11T01:12:04.130861Z,192.168.200.129,incoming.telemetry.mozilla.org,1,0,
2025-11-11T01:12:04.131008Z,192.168.200.131,incoming.telemetry.mozilla.org,28,1,
2025-11-11T01:12:04.131008Z,192.168.200.131,incoming.telemetry.mozilla.org,1,1,
2025-11-11T01:12:04.131010Z,192.168.200.131,incoming.telemetry.mozilla.org,28,1,
2025-11-11T01:12:04.131020Z,192.168.200.131,incoming.telemetry.mozilla.org,1,1,
2025-11-11T01:12:04.132587Z,192.168.200.129,incoming.telemetry.mozilla.org,1,0,
2025-11-11T01:12:04.132590Z,192.168.200.129,incoming.telemetry.mozilla.org,1,0,
2025-11-11T01:12:04.132765Z,192.168.200.129,incoming.telemetry.mozilla.org,28,0,
2025-11-11T01:12:04.132766Z,192.168.200.129,incoming.telemetry.mozilla.org,28,0,
2025-11-11T01:12:04.133316Z,192.168.200.131,incoming.telemetry.mozilla.org,1,1,
2025-11-11T01:12:04.133317Z,192.168.200.131,incoming.telemetry.mozilla.org,1,1,
2025-11-11T01:12:04.133523Z,192.168.200.131,incoming.telemetry.mozilla.org,28,1,
2025-11-11T01:12:04.133524Z,192.168.200.131,incoming.telemetry.mozilla.org,28,1,
2025-11-11T01:12:04.135635Z,192.168.200.129,incoming.telemetry.mozilla.org,28,0,
2025-11-11T01:12:04.135636Z,192.168.200.129,incoming.telemetry.mozilla.org,1,0,
2025-11-11T01:12:04.135644Z,192.168.200.129,incoming.telemetry.mozilla.org,28,0,
2025-11-11T01:12:04.135664Z,192.168.200.129,incoming.telemetry.mozilla.org,1,0,
2025-11-11T01:12:04.136020Z,192.168.200.131,incoming.telemetry.mozilla.org,1,1,
2025-11-11T01:12:04.136021Z,192.168.200.131,incoming.telemetry.mozilla.org,28,1,
2025-11-11T01:12:04.136028Z,192.168.200.131,incoming.telemetry.mozilla.org,1,1,
2025-11-11T01:12:04.136042Z,192.168.200.131,incoming.telemetry.mozilla.org,28,1,
2025-11-11T01:12:04.136576Z,192.168.200.129,incoming.telemetry.mozilla.org.localdomain,1,0,
2025-11-11T01:12:04.136578Z,192.168.200.129,incoming.telemetry.mozilla.org.localdomain,1,0,
2025-11-11T01:12:04.136700Z,192.168.200.129,incoming.telemetry.mozilla.org.localdomain,28,0,
2025-11-11T01:12:04.136702Z,192.168.200.129,incoming.telemetry.mozilla.org.localdomain,28,0,
2025-11-11T01:12:04.136821Z,192.168.200.131,incoming.telemetry.mozilla.org.localdomain,1,1,
2025-11-11T01:12:04.136827Z,192.168.200.131,incoming.telemetry.mozilla.org.localdomain,1,1,
2025-11-11T01:12:04.136935Z,192.168.200.131,incoming.telemetry.mozilla.org.localdomain,28,1,
2025-11-11T01:12:04.136937Z,192.168.200.131,incoming.telemetry.mozilla.org.localdomain,28,1,
2025-11-11T01:12:04.137606Z,192.168.200.129,incoming.telemetry.mozilla.org.localdomain,28,0,
2025-11-11T01:12:04.137607Z,192.168.200.129,incoming.telemetry.mozilla.org.localdomain,28,0,
2025-11-11T01:12:04.137655Z,192.168.200.129,incoming.telemetry.mozilla.org.localdomain,1,0,
2025-11-11T01:12:04.137657Z,192.168.200.129,incoming.telemetry.mozilla.org.localdomain,1,0,
2025-11-11T01:12:04.137834Z,192.168.200.131,incoming.telemetry.mozilla.org.localdomain,28,1,
2025-11-11T01:12:04.137836Z,192.168.200.131,incoming.telemetry.mozilla.org.localdomain,28,1,
2025-11-11T01:12:04.137917Z,192.168.200.131,incoming.telemetry.mozilla.org.localdomain,1,1,
2025-11-11T01:12:04.137918Z,192.168.200.131,incoming.telemetry.mozilla.org.localdomain,1,1,
2025-11-11T01:12:04.138230Z,192.168.200.129,incoming.telemetry.mozilla.org.localdomain,1,0,
2025-11-11T01:12:04.138235Z,192.168.200.129,incoming.telemetry.mozilla.org.localdomain,1,0,
2025-11-11T01:12:04.138349Z,192.168.200.129,incoming.telemetry.mozilla.org.localdomain,28,0,
2025-11-11T01:12:04.138350Z,192.168.200.129,incoming.telemetry.mozilla.org.localdomain,28,0,
2025-11-11T01:12:04.138533Z,192.168.200.131,incoming.telemetry.mozilla.org.localdomain,28,1,
2025-11-11T01:12:04.138534Z,192.168.200.131,incoming.telemetry.mozilla.org.localdomain,28,1,
2025-11-11T01:12:04.138860Z,192.168.200.131,incoming.telemetry.mozilla.org.localdomain,1,1,
2025-11-11T01:12:04.138871Z,192.168.200.131,incoming.telemetry.mozilla.org.localdomain,1,1,
2025-11-11T01:12:04.139314Z,192.168.200.129,incoming.telemetry.mozilla.org.localdomain,1,0,
2025-11-11T01:12:04.139319Z,192.168.200.129,incoming.telemetry.mozilla.org.localdomain,1,0,
2025-11-11T01:12:04.139405Z,192.168.200.129,incoming.telemetry.mozilla.org.localdomain,28,0,
2025-11-11T01:12:04.139408Z,192.168.200.129,incoming.telemetry.mozilla.org.localdomain,28,0,
2025-11-11T01:12:04.139789Z,192.168.200.131,incoming.telemetry.mozilla.org.localdomain,28,1,
2025-11-11T01:12:04.139791Z,192.168.200.131,incoming.telemetry.mozilla.org.localdomain,28,1,
2025-11-11T01:12:04.139881Z,192.168.200.131,incoming.telemetry.mozilla.org.localdomain,1,1,
2025-11-11T01:12:04.139883Z,192.168.200.131,incoming.telemetry.mozilla.org.localdomain,1,1,
2025-11-11T01:12:04.147999Z,192.168.200.129,incoming.telemetry.mozilla.org,1,0,
2025-11-11T01:12:04.148000Z,192.168.200.129,incoming.telemetry.mozilla.org,28,0,
2025-11-11T01:12:04.148020Z,192.168.200.129,incoming.telemetry.mozilla.org,1,0,
2025-11-11T01:12:04.148044Z,192.168.200.129,incoming.telemetry.mozilla.org,28,0,
2025-11-11T01:12:04.148505Z,192.168.200.131,incoming.telemetry.mozilla.org,1,1,
2025-11-11T01:12:04.148506Z,192.168.200.131,incoming.telemetry.mozilla.org,28,1,
2025-11-11T01:12:04.148513Z,192.168.200.131,incoming.telemetry.mozilla.org,1,1,
2025-11-11T01:12:04.148528Z,192.168.200.131,incoming.telemetry.mozilla.org,28,1,
2025-11-11T01:12:04.149299Z,192.168.200.129,incoming.telemetry.mozilla.org,28,0,
2025-11-11T01:12:04.149299Z,192.168.200.129,incoming.telemetry.mozilla.org,1,0,
2025-11-11T01:12:04.149301Z,192.168.200.129,incoming.telemetry.mozilla.org,28,0,
2025-11-11T01:12:04.149311Z,192.168.200.129,incoming.telemetry.mozilla.org,1,0,
2025-11-11T01:12:04.149574Z,192.168.200.131,incoming.telemetry.mozilla.org,1,1,
2025-11-11T01:12:04.149579Z,192.168.200.131,incoming.telemetry.mozilla.org,1,1,
2025-11-11T01:12:04.149629Z,192.168.200.131,incoming.telemetry.mozilla.org,28,1,
2025-11-11T01:12:04.149631Z,192.168.200.131,incoming.telemetry.mozilla.org,28,1,
2025-11-11T01:12:04.149953Z,192.168.200.129,incoming.telemetry.mozilla.org,1,0,
2025-11-11T01:12:04.149955Z,192.168.200.129,incoming.telemetry.mozilla.org,1,0,
2025-11-11T01:12:04.149974Z,192.168.200.129,incoming.telemetry.mozilla.org,28,0,
2025-11-11T01:12:04.149975Z,192.168.200.129,incoming.telemetry.mozilla.org,28,0,
2025-11-11T01:12:04.150218Z,192.168.200.131,incoming.telemetry.mozilla.org,1,1,
2025-11-11T01:12:04.150218Z,192.168.200.131,incoming.telemetry.mozilla.org,28,1,
2025-11-11T01:12:04.150220Z,192.168.200.131,incoming.telemetry.mozilla.org,1,1,
2025-11-11T01:12:04.150230Z,192.168.200.131,incoming.telemetry.mozilla.org,28,1,
2025-11-11T01:12:04.151122Z,192.168.200.129,incoming.telemetry.mozilla.org,28,0,
2025-11-11T01:12:04.151122Z,192.168.200.129,incoming.telemetry.mozilla.org,1,0,
2025-11-11T01:12:04.151124Z,192.168.200.129,incoming.telemetry.mozilla.org,28,0,
2025-11-11T01:12:04.151135Z,192.168.200.129,incoming.telemetry.mozilla.org,1,0,
2025-11-11T01:12:04.151400Z,192.168.200.131,incoming.telemetry.mozilla.org,28,1,
2025-11-11T01:12:04.151401Z,192.168.200.131,incoming.telemetry.mozilla.org,1,1,
2025-11-11T01:12:04.151402Z,192.168.200.131,incoming.telemetry.mozilla.org,28,1,
2025-11-11T01:12:04.151413Z,192.168.200.131,incoming.telemetry.mozilla.org,1,1,
2025-11-11T01:12:04.153609Z,192.168.200.129,incoming.telemetry.mozilla.org.localdomain,1,0,
2025-11-11T01:12:04.153609Z,192.168.200.129,incoming.telemetry.mozilla.org.localdomain,28,0,
2025-11-11T01:12:04.153617Z,192.168.200.129,incoming.telemetry.mozilla.org.localdomain,1,0,
2025-11-11T01:12:04.153633Z,192.168.200.129,incoming.telemetry.mozilla.org.localdomain,28,0,
2025-11-11T01:12:04.153969Z,192.168.200.131,incoming.telemetry.mozilla.org.localdomain,1,1,
2025-11-11T01:12:04.153970Z,192.168.200.131,incoming.telemetry.mozilla.org.localdomain,28,1,
2025-11-11T01:12:04.153974Z,192.168.200.131,incoming.telemetry.mozilla.org.localdomain,1,1,
2025-11-11T01:12:04.153987Z,192.168.200.131,incoming.telemetry.mozilla.org.localdomain,28,1,
2025-11-11T01:12:04.154962Z,192.168.200.129,incoming.telemetry.mozilla.org.localdomain,28,0,
2025-11-11T01:12:04.154965Z,192.168.200.129,incoming.telemetry.mozilla.org.localdomain,28,0,
2025-11-11T01:12:04.155039Z,192.168.200.129,incoming.telemetry.mozilla.org.localdomain,1,0,
2025-11-11T01:12:04.155041Z,192.168.200.129,incoming.telemetry.mozilla.org.localdomain,1,0,
2025-11-11T01:12:04.155569Z,192.168.200.131,incoming.telemetry.mozilla.org.localdomain,1,1,
2025-11-11T01:12:04.155570Z,192.168.200.131,incoming.telemetry.mozilla.org.localdomain,28,1,
2025-11-11T01:12:04.155577Z,192.168.200.131,incoming.telemetry.mozilla.org.localdomain,1,1,
2025-11-11T01:12:04.155591Z,192.168.200.131,incoming.telemetry.mozilla.org.localdomain,28,1,
2025-11-11T01:12:04.155919Z,192.168.200.129,incoming.telemetry.mozilla.org.localdomain,1,0,
2025-11-11T01:12:04.155922Z,192.168.200.129,incoming.telemetry.mozilla.org.localdomain,1,0,
2025-11-11T01:12:04.155942Z,192.168.200.129,incoming.telemetry.mozilla.org.localdomain,28,0,
2025-11-11T01:12:04.155943Z,192.168.200.129,incoming.telemetry.mozilla.org.localdomain,28,0,
2025-11-11T01:12:04.156101Z,192.168.200.131,incoming.telemetry.mozilla.org.localdomain,1,1,
2025-11-11T01:12:04.156101Z,192.168.200.131,incoming.telemetry.mozilla.org.localdomain,28,1,
2025-11-11T01:12:04.156104Z,192.168.200.131,incoming.telemetry.mozilla.org.localdomain,1,1,
2025-11-11T01:12:04.156115Z,192.168.200.131,incoming.telemetry.mozilla.org.localdomain,28,1,
2025-11-11T01:12:04.156784Z,192.168.200.129,incoming.telemetry.mozilla.org.localdomain,28,0,
2025-11-11T01:12:04.156786Z,192.168.200.129,incoming.telemetry.mozilla.org.localdomain,28,0,
2025-11-11T01:12:04.156804Z,192.168.200.129,incoming.telemetry.mozilla.org.localdomain,1,0,
2025-11-11T01:12:04.156805Z,192.168.200.129,incoming.telemetry.mozilla.org.localdomain,1,0,
2025-11-11T01:12:04.156975Z,192.168.200.131,incoming.telemetry.mozilla.org.localdomain,28,1,
2025-11-11T01:12:04.156975Z,192.168.200.131,incoming.telemetry.mozilla.org.localdomain,1,1,
2025-11-11T01:12:04.156977Z,192.168.200.131,incoming.telemetry.mozilla.org.localdomain,28,1,
2025-11-11T01:12:04.156989Z,192.168.200.131,incoming.telemetry.mozilla.org.localdomain,1,1,
2025-11-11T01:12:04.157912Z,192.168.200.129,incoming.telemetry.mozilla.org,1,0,
2025-11-11T01:12:04.157915Z,192.168.200.129,incoming.telemetry.mozilla.org,1,0,
2025-11-11T01:12:04.157966Z,192.168.200.129,incoming.telemetry.mozilla.org,28,0,
2025-11-11T01:12:04.157968Z,192.168.200.129,incoming.telemetry.mozilla.org,28,0,
2025-11-11T01:12:04.158093Z,192.168.200.131,incoming.telemetry.mozilla.org,1,1,
2025-11-11T01:12:04.158094Z,192.168.200.131,incoming.telemetry.mozilla.org,1,1,
2025-11-11T01:12:04.158125Z,192.168.200.131,incoming.telemetry.mozilla.org,28,1,
2025-11-11T01:12:04.158126Z,192.168.200.131,incoming.telemetry.mozilla.org,28,1,
2025-11-11T01:12:04.158944Z,192.168.200.129,incoming.telemetry.mozilla.org,28,0,
2025-11-11T01:12:04.158946Z,192.168.200.129,incoming.telemetry.mozilla.org,28,0,
2025-11-11T01:12:04.159017Z,192.168.200.129,incoming.telemetry.mozilla.org,1,0,
2025-11-11T01:12:04.159022Z,192.168.200.129,incoming.telemetry.mozilla.org,1,0,
2025-11-11T01:12:04.159166Z,192.168.200.131,incoming.telemetry.mozilla.org,28,1,
2025-11-11T01:12:04.159168Z,192.168.200.131,incoming.telemetry.mozilla.org,28,1,
2025-11-11T01:12:04.159234Z,192.168.200.131,incoming.telemetry.mozilla.org,1,1,
2025-11-11T01:12:04.159235Z,192.168.200.131,incoming.telemetry.mozilla.org,1,1,
2025-11-11T01:12:04.159518Z,192.168.200.129,incoming.telemetry.mozilla.org,1,0,
2025-11-11T01:12:04.159520Z,192.168.200.129,incoming.telemetry.mozilla.org,1,0,
2025-11-11T01:12:04.159568Z,192.168.200.129,incoming.telemetry.mozilla.org,28,0,
2025-11-11T01:12:04.159570Z,192.168.200.129,incoming.telemetry.mozilla.org,28,0,
2025-11-11T01:12:04.159751Z,192.168.200.131,incoming.telemetry.mozilla.org,1,1,
2025-11-11T01:12:04.159752Z,192.168.200.131,incoming.telemetry.mozilla.org,28,1,
2025-11-11T01:12:04.159753Z,192.168.200.131,incoming.telemetry.mozilla.org,1,1,
2025-11-11T01:12:04.159764Z,192.168.200.131,incoming.telemetry.mozilla.org,28,1,
2025-11-11T01:12:04.161944Z,192.168.200.129,incoming.telemetry.mozilla.org,28,0,
2025-11-11T01:12:04.161944Z,192.168.200.129,incoming.telemetry.mozilla.org,1,0,
2025-11-11T01:12:04.161946Z,192.168.200.129,incoming.telemetry.mozilla.org,28,0,
2025-11-11T01:12:04.161955Z,192.168.200.129,incoming.telemetry.mozilla.org,1,0,
2025-11-11T01:12:04.162128Z,192.168.200.129,push.services.mozilla.com,1,0,
2025-11-11T01:12:04.162130Z,192.168.200.129,push.services.mozilla.com,1,0,
2025-11-11T01:12:04.162182Z,192.168.200.129,push.services.mozilla.com,28,0,
2025-11-11T01:12:04.162189Z,192.168.200.129,push.services.mozilla.com,28,0,
2025-11-11T01:12:04.162346Z,192.168.200.131,incoming.telemetry.mozilla.org,1,1,
2025-11-11T01:12:04.162346Z,192.168.200.131,incoming.telemetry.mozilla.org,28,1,
2025-11-11T01:12:04.162348Z,192.168.200.131,incoming.telemetry.mozilla.org,1,1,
2025-11-11T01:12:04.162360Z,192.168.200.131,incoming.telemetry.mozilla.org,28,1,
2025-11-11T01:12:04.162428Z,192.168.200.131,push.services.mozilla.com,28,1,
2025-11-11T01:12:04.162431Z,192.168.200.131,push.services.mozilla.com,28,1,
2025-11-11T01:12:04.162465Z,192.168.200.131,push.services.mozilla.com,1,1,
2025-11-11T01:12:04.162466Z,192.168.200.131,push.services.mozilla.com,1,1,
2025-11-11T01:12:04.165274Z,192.168.200.129,incoming.telemetry.mozilla.org.localdomain,28,0,
2025-11-11T01:12:04.165274Z,192.168.200.129,incoming.telemetry.mozilla.org.localdomain,1,0,
2025-11-11T01:12:04.165274Z,192.168.200.129,push.services.mozilla.com,28,0,
2025-11-11T01:12:04.165283Z,192.168.200.129,incoming.telemetry.mozilla.org.localdomain,28,0,
2025-11-11T01:12:04.165287Z,192.168.200.129,incoming.telemetry.mozilla.org.localdomain,1,0,
2025-11-11T01:12:04.165300Z,192.168.200.129,push.services.mozilla.com,28,0,
2025-11-11T01:12:04.165606Z,192.168.200.131,incoming.telemetry.mozilla.org.localdomain,28,1,
2025-11-11T01:12:04.165606Z,192.168.200.131,incoming.telemetry.mozilla.org.localdomain,1,1,
2025-11-11T01:12:04.165614Z,192.168.200.131,incoming.telemetry.mozilla.org.localdomain,28,1,
2025-11-11T01:12:04.165630Z,192.168.200.131,incoming.telemetry.mozilla.org.localdomain,1,1,
2025-11-11T01:12:04.165832Z,192.168.200.131,push.services.mozilla.com,28,1,
2025-11-11T01:12:04.165834Z,192.168.200.131,push.services.mozilla.com,28,1,
2025-11-11T01:12:04.166158Z,192.168.200.129,push.services.mozilla.com,1,0,
2025-11-11T01:12:04.166159Z,192.168.200.129,incoming.telemetry.mozilla.org.localdomain,1,0,
2025-11-11T01:12:04.166161Z,192.168.200.129,push.services.mozilla.com,1,0,
2025-11-11T01:12:04.166162Z,192.168.200.129,incoming.telemetry.mozilla.org.localdomain,1,0,
2025-11-11T01:12:04.166350Z,192.168.200.131,incoming.telemetry.mozilla.org.localdomain,1,1,
2025-11-11T01:12:04.166350Z,192.168.200.131,push.services.mozilla.com,1,1,
2025-11-11T01:12:04.166352Z,192.168.200.131,incoming.telemetry.mozilla.org.localdomain,1,1,
2025-11-11T01:12:04.166354Z,192.168.200.131,push.services.mozilla.com,1,1,
2025-11-11T01:12:04.166581Z,192.168.200.129,incoming.telemetry.mozilla.org.localdomain,28,0,
2025-11-11T01:12:04.166584Z,192.168.200.129,incoming.telemetry.mozilla.org.localdomain,28,0,
2025-11-11T01:12:04.167015Z,192.168.200.129,push.services.mozilla.com,28,0,
2025-11-11T01:12:04.167015Z,192.168.200.129,push.services.mozilla.com,1,0,
2025-11-11T01:12:04.167015Z,192.168.200.129,incoming.telemetry.mozilla.org.localdomain,1,0,
2025-11-11T01:12:04.167018Z,192.168.200.129,push.services.mozilla.com,28,0,
2025-11-11T01:12:04.167028Z,192.168.200.129,push.services.mozilla.com,1,0,
2025-11-11T01:12:04.167030Z,192.168.200.129,incoming.telemetry.mozilla.org.localdomain,1,0,
2025-11-11T01:12:04.167198Z,192.168.200.131,incoming.telemetry.mozilla.org.localdomain,28,1,
2025-11-11T01:12:04.167198Z,192.168.200.131,push.services.mozilla.com,28,1,
2025-11-11T01:12:04.167198Z,192.168.200.131,push.services.mozilla.com,1,1,
2025-11-11T01:12:04.167201Z,192.168.200.131,incoming.telemetry.mozilla.org.localdomain,28,1,
2025-11-11T01:12:04.167204Z,192.168.200.131,push.services.mozilla.com,28,1,
2025-11-11T01:12:04.167223Z,192.168.200.131,push.services.mozilla.com,1,1,
2025-11-11T01:12:04.167235Z,192.168.200.131,incoming.telemetry.mozilla.org.localdomain,1,1,
2025-11-11T01:12:04.167235Z,192.168.200.131,incoming.telemetry.mozilla.org.localdomain,1,1,
2025-11-11T01:12:04.169075Z,192.168.200.129,push.services.mozilla.com.localdomain,28,0,
2025-11-11T01:12:04.169075Z,192.168.200.129,push.services.mozilla.com.localdomain,1,0,
2025-11-11T01:12:04.169078Z,192.168.200.129,push.services.mozilla.com.localdomain,28,0,
2025-11-11T01:12:04.169081Z,192.168.200.129,push.services.mozilla.com.localdomain,1,0,
2025-11-11T01:12:04.169288Z,192.168.200.131,push.services.mozilla.com.localdomain,28,1,
2025-11-11T01:12:04.169288Z,192.168.200.131,push.services.mozilla.com.localdomain,1,1,
2025-11-11T01:12:04.169294Z,192.168.200.131,push.services.mozilla.com.localdomain,28,1,
2025-11-11T01:12:04.169298Z,192.168.200.131,push.services.mozilla.com.localdomain,1,1,
2025-11-11T01:12:04.169639Z,192.168.200.129,incoming.telemetry.mozilla.org.localdomain,28,0,
2025-11-11T01:12:04.169639Z,192.168.200.129,push.services.mozilla.com.localdomain,1,0,
2025-11-11T01:12:04.169641Z,192.168.200.129,incoming.telemetry.mozilla.org.localdomain,28,0,
2025-11-11T01:12:04.169643Z,192.168.200.129,push.services.mozilla.com.localdomain,1,0,
2025-11-11T01:12:04.169794Z,192.168.200.131,push.services.mozilla.com.localdomain,1,1,
2025-11-11T01:12:04.169794Z,192.168.200.131,incoming.telemetry.mozilla.org.localdomain,28,1,
2025-11-11T01:12:04.169796Z,192.168.200.131,push.services.mozilla.com.localdomain,1,1,
2025-11-11T01:12:04.169799Z,192.168.200.131,incoming.telemetry.mozilla.org.localdomain,28,1,
2025-11-11T01:12:04.170025Z,192.168.200.129,push.services.mozilla.com.localdomain,28,0,
2025-11-11T01:12:04.170026Z,192.168.200.129,push.services.mozilla.com.localdomain,28,0,
2025-11-11T01:12:04.170799Z,192.168.200.129,push.services.mozilla.com.localdomain,1,0,
2025-11-11T01:12:04.170801Z,192.168.200.129,push.services.mozilla.com.localdomain,1,0,
2025-11-11T01:12:04.171100Z,192.168.200.129,incoming.telemetry.mozilla.org,1,0,
2025-11-11T01:12:04.171101Z,192.168.200.129,incoming.telemetry.mozilla.org,28,0,
2025-11-11T01:12:04.171101Z,192.168.200.131,push.services.mozilla.com.localdomain,28,1,
2025-11-11T01:12:04.171105Z,192.168.200.129,incoming.telemetry.mozilla.org,1,0,
2025-11-11T01:12:04.171111Z,192.168.200.129,incoming.telemetry.mozilla.org,28,0,
2025-11-11T01:12:04.171124Z,192.168.200.131,push.services.mozilla.com.localdomain,28,1,
2025-11-11T01:12:04.171159Z,192.168.200.131,push.services.mozilla.com.localdomain,1,1,
2025-11-11T01:12:04.171162Z,192.168.200.131,push.services.mozilla.com.localdomain,1,1,
2025-11-11T01:12:04.171353Z,192.168.200.131,incoming.telemetry.mozilla.org,28,1,
2025-11-11T01:12:04.171355Z,192.168.200.131,incoming.telemetry.mozilla.org,28,1,
2025-11-11T01:12:04.171410Z,192.168.200.131,incoming.telemetry.mozilla.org,1,1,
2025-11-11T01:12:04.171412Z,192.168.200.131,incoming.telemetry.mozilla.org,1,1,
2025-11-11T01:12:04.173576Z,192.168.200.129,incoming.telemetry.mozilla.org,1,0,
2025-11-11T01:12:04.173577Z,192.168.200.129,incoming.telemetry.mozilla.org,28,0,
2025-11-11T01:12:04.173584Z,192.168.200.129,incoming.telemetry.mozilla.org,1,0,
2025-11-11T01:12:04.173588Z,192.168.200.129,incoming.telemetry.mozilla.org,28,0,
2025-11-11T01:12:04.173913Z,192.168.200.131,incoming.telemetry.mozilla.org,1,1,
2025-11-11T01:12:04.173914Z,192.168.200.131,incoming.telemetry.mozilla.org,28,1,
2025-11-11T01:12:04.173918Z,192.168.200.131,incoming.telemetry.mozilla.org,1,1,
2025-11-11T01:12:04.173921Z,192.168.200.131,incoming.telemetry.mozilla.org,28,1,
2025-11-11T01:12:04.175753Z,192.168.200.129,push.services.mozilla.com.localdomain,28,0,
2025-11-11T01:12:04.175754Z,192.168.200.129,incoming.telemetry.mozilla.org,1,0,
2025-11-11T01:12:04.175762Z,192.168.200.129,push.services.mozilla.com.localdomain,28,0,
2025-11-11T01:12:04.175764Z,192.168.200.129,incoming.telemetry.mozilla.org,1,0,
2025-11-11T01:12:04.176035Z,192.168.200.131,push.services.mozilla.com.localdomain,28,1,
2025-11-11T01:12:04.176035Z,192.168.200.131,incoming.telemetry.mozilla.org,1,1,
2025-11-11T01:12:04.176037Z,192.168.200.131,push.services.mozilla.com.localdomain,28,1,
2025-11-11T01:12:04.176038Z,192.168.200.131,incoming.telemetry.mozilla.org,1,1,
2025-11-11T01:12:04.176359Z,192.168.200.129,incoming.telemetry.mozilla.org,28,0,
2025-11-11T01:12:04.176361Z,192.168.200.129,incoming.telemetry.mozilla.org,28,0,
2025-11-11T01:12:04.176935Z,192.168.200.129,incoming.telemetry.mozilla.org,1,0,
2025-11-11T01:12:04.176943Z,192.168.200.129,incoming.telemetry.mozilla.org,1,0,
2025-11-11T01:12:04.177215Z,192.168.200.131,incoming.telemetry.mozilla.org,28,1,
2025-11-11T01:12:04.177216Z,192.168.200.131,incoming.telemetry.mozilla.org,1,1,
2025-11-11T01:12:04.177218Z,192.168.200.131,incoming.telemetry.mozilla.org,28,1,
2025-11-11T01:12:04.177220Z,192.168.200.131,incoming.telemetry.mozilla.org,1,1,
2025-11-11T01:12:04.179728Z,192.168.200.129,incoming.telemetry.mozilla.org,28,0,
2025-11-11T01:12:04.179736Z,192.168.200.129,incoming.telemetry.mozilla.org,28,0,
2025-11-11T01:12:04.181494Z,192.168.200.131,incoming.telemetry.mozilla.org,28,1,
2025-11-11T01:12:04.181499Z,192.168.200.131,incoming.telemetry.mozilla.org,28,1,
2025-11-11T01:12:04.184792Z,192.168.200.129,incoming.telemetry.mozilla.org.localdomain,1,0,
2025-11-11T01:12:04.184792Z,192.168.200.129,incoming.telemetry.mozilla.org.localdomain,28,0,
2025-11-11T01:12:04.184798Z,192.168.200.129,incoming.telemetry.mozilla.org.localdomain,1,0,
2025-11-11T01:12:04.184801Z,192.168.200.129,incoming.telemetry.mozilla.org.localdomain,28,0,
2025-11-11T01:12:04.185160Z,192.168.200.131,incoming.telemetry.mozilla.org.localdomain,1,1,
2025-11-11T01:12:04.185161Z,192.168.200.131,incoming.telemetry.mozilla.org.localdomain,28,1,
2025-11-11T01:12:04.185168Z,192.168.200.131,incoming.telemetry.mozilla.org.localdomain,1,1,
2025-11-11T01:12:04.185172Z,192.168.200.131,incoming.telemetry.mozilla.org.localdomain,28,1,
2025-11-11T01:12:04.187445Z,192.168.200.129,incoming.telemetry.mozilla.org.localdomain,28,0,
2025-11-11T01:12:04.187446Z,192.168.200.129,incoming.telemetry.mozilla.org.localdomain,1,0,
2025-11-11T01:12:04.187451Z,192.168.200.129,incoming.telemetry.mozilla.org.localdomain,28,0,
2025-11-11T01:12:04.187455Z,192.168.200.129,incoming.telemetry.mozilla.org.localdomain,1,0,
2025-11-11T01:12:04.187688Z,192.168.200.131,incoming.telemetry.mozilla.org.localdomain,28,1,
2025-11-11T01:12:04.187689Z,192.168.200.131,incoming.telemetry.mozilla.org.localdomain,1,1,
2025-11-11T01:12:04.187690Z,192.168.200.131,incoming.telemetry.mozilla.org.localdomain,28,1,
2025-11-11T01:12:04.187692Z,192.168.200.131,incoming.telemetry.mozilla.org.localdomain,1,1,
2025-11-11T01:12:04.188066Z,192.168.200.129,incoming.telemetry.mozilla.org.localdomain,1,0,
2025-11-11T01:12:04.188066Z,192.168.200.129,incoming.telemetry.mozilla.org.localdomain,28,0,
2025-11-11T01:12:04.188068Z,192.168.200.129,incoming.telemetry.mozilla.org.localdomain,1,0,
2025-11-11T01:12:04.188070Z,192.168.200.129,incoming.telemetry.mozilla.org.localdomain,28,0,
2025-11-11T01:12:04.188333Z,192.168.200.131,incoming.telemetry.mozilla.org.localdomain,1,1,
2025-11-11T01:12:04.188333Z,192.168.200.131,incoming.telemetry.mozilla.org.localdomain,28,1,
2025-11-11T01:12:04.188335Z,192.168.200.131,incoming.telemetry.mozilla.org.localdomain,1,1,
2025-11-11T01:12:04.188337Z,192.168.200.131,incoming.telemetry.mozilla.org.localdomain,28,1,
2025-11-11T01:12:04.190316Z,192.168.200.129,incoming.telemetry.mozilla.org.localdomain,28,0,
2025-11-11T01:12:04.190317Z,192.168.200.129,incoming.telemetry.mozilla.org.localdomain,1,0,
2025-11-11T01:12:04.190324Z,192.168.200.129,incoming.telemetry.mozilla.org.localdomain,28,0,
2025-11-11T01:12:04.190328Z,192.168.200.129,incoming.telemetry.mozilla.org.localdomain,1,0,
2025-11-11T01:12:04.190642Z,192.168.200.131,incoming.telemetry.mozilla.org.localdomain,1,1,
2025-11-11T01:12:04.190643Z,192.168.200.131,incoming.telemetry.mozilla.org.localdomain,28,1,
2025-11-11T01:12:04.190650Z,192.168.200.131,incoming.telemetry.mozilla.org.localdomain,1,1,
2025-11-11T01:12:04.190654Z,192.168.200.131,incoming.telemetry.mozilla.org.localdomain,28,1,
